time,idle_node,busy_node,full_node,fra_gpu,busy_gpu,pending_job,running_job,completed_job,len_g1,len_g2,len_g4,len_g8,len_g16,len_g32,len_g64
2266647,32,0,0,0,0,0,0,0,0,0,0,0,0,0,0
2266647,0,0,0,0,0,0,0,0
2371685,32,0,0,0,0,0,0,1,0,0,0,0,0,0,0
2371685,0,0,0,0,0,0,0,0
2709847,32,0,0,0,0,0,0,2,0,0,0,0,0,0,0
2709847,0,0,0,0,0,0,0,1
2843551,32,0,0,0,0,0,0,3,0,0,0,0,0,0,0
2843551,0,0,0,0,0,0,0,2
2860271,32,0,0,0,0,0,0,4,0,0,0,0,0,0,0
2860271,0,0,0,0,0,0,0,2
2866732,31,1,0,4,4,0,1,4,0,0,1,0,0,0,0
2866732,0,0,0,0,0,0,0,2
2870901,31,1,0,6,2,0,1,5,0,1,0,0,0,0,0
2870901,0,0,0,0,0,0,0,3
2870999,30,2,0,13,3,0,2,5,1,1,0,0,0,0,0
2870999,0,0,0,0,0,0,0,3
2871137,30,2,0,12,4,0,3,5,1,1,0,0,0,0,0
2871137,0,0,0,0,0,0,0,3
2871435,30,2,0,11,5,0,4,5,1,1,0,0,0,0,0
2871435,0,0,0,0,0,0,0,3
2871547,30,2,0,10,6,0,4,6,1,1,0,0,0,0,0
2871547,0,0,0,0,0,0,0,3
2880125,32,0,0,0,0,0,0,11,0,0,0,0,0,0,0
2880125,0,0,0,0,0,0,0,3
2880221,31,1,0,7,1,0,1,11,1,0,0,0,0,0,0
2880221,0,0,0,0,0,0,0,3
2880359,31,1,0,6,2,0,2,11,1,0,0,0,0,0,0
2880359,0,0,0,0,0,0,0,3
2880558,31,1,0,5,3,0,3,11,1,0,0,0,0,0,0
2880558,0,0,0,0,0,0,0,3
2929661,32,0,0,0,0,0,0,15,0,0,0,0,0,0,0
2929661,0,0,0,0,0,0,0,4
2929760,31,1,0,7,1,0,1,15,1,0,0,0,0,0,0
2929760,0,0,0,0,0,0,0,4
2929829,31,1,0,6,2,0,2,15,1,0,0,0,0,0,0
2929829,0,0,0,0,0,0,0,4
2929889,31,1,0,5,3,0,3,15,1,0,0,0,0,0,0
2929889,0,0,0,0,0,0,0,4
2929949,31,1,0,4,4,0,4,15,1,0,0,0,0,0,0
2929949,0,0,0,0,0,0,0,4
2930009,31,1,0,3,5,0,5,15,1,0,0,0,0,0,0
2930009,0,0,0,0,0,0,0,4
2930606,31,1,0,2,6,0,6,15,1,0,0,0,0,0,0
2930606,0,0,0,0,0,0,0,4
2930725,31,1,0,1,7,0,6,16,1,0,0,0,0,0,0
2930725,0,0,0,0,0,0,0,4
2930890,31,1,0,1,7,0,6,17,1,0,0,0,0,0,0
2930890,0,0,0,0,0,0,0,4
2930950,31,1,0,1,7,0,6,18,1,0,0,0,0,0,0
2930950,0,0,0,0,0,0,0,4
2931066,31,1,0,1,7,0,7,18,1,0,0,0,0,0,0
2931066,0,0,0,0,0,0,0,4
2931254,31,1,0,0,8,0,8,18,1,0,0,0,0,0,0
2931254,0,0,0,0,0,0,0,4
2932479,31,1,0,7,1,0,1,26,1,0,0,0,0,0,0
2932479,0,0,0,0,0,0,0,6
2932675,31,1,0,6,2,0,2,26,1,0,0,0,0,0,0
2932675,0,0,0,0,0,0,0,6
2932831,31,1,0,5,3,0,3,26,1,0,0,0,0,0,0
2932831,0,0,0,0,0,0,0,6
2932891,31,1,0,4,4,0,4,26,1,0,0,0,0,0,0
2932891,0,0,0,0,0,0,0,6
2932959,31,1,0,3,5,0,5,26,1,0,0,0,0,0,0
2932959,0,0,0,0,0,0,0,6
2933019,31,1,0,2,6,0,6,26,1,0,0,0,0,0,0
2933019,0,0,0,0,0,0,0,6
2943672,32,0,0,0,0,0,0,33,0,0,0,0,0,0,0
2943672,0,0,0,0,0,0,0,6
2947977,32,0,0,0,0,0,0,34,0,0,0,0,0,0,0
2947977,0,0,0,0,0,0,0,7
2949207,31,1,0,7,1,0,1,34,1,0,0,0,0,0,0
2949207,0,0,0,0,0,0,0,7
2952452,32,0,0,0,0,0,0,36,0,0,0,0,0,0,0
2952452,0,0,0,0,0,0,0,7
2952540,31,1,0,7,1,0,1,36,1,0,0,0,0,0,0
2952540,0,0,0,0,0,0,0,7
2952600,31,1,0,6,2,0,2,36,1,0,0,0,0,0,0
2952600,0,0,0,0,0,0,0,7
2952667,31,1,0,5,3,0,3,36,1,0,0,0,0,0,0
2952667,0,0,0,0,0,0,0,7
2952727,31,1,0,4,4,0,4,36,1,0,0,0,0,0,0
2952727,0,0,0,0,0,0,0,7
2952787,31,1,0,3,5,0,5,36,1,0,0,0,0,0,0
2952787,0,0,0,0,0,0,0,7
2953004,31,1,0,2,6,0,6,36,1,0,0,0,0,0,0
2953004,0,0,0,0,0,0,0,7
2960339,32,0,0,0,0,0,0,43,0,0,0,0,0,0,0
2960339,0,0,0,0,0,0,0,12
2960399,31,1,0,7,1,0,1,43,1,0,0,0,0,0,0
2960399,0,0,0,0,0,0,0,12
2960526,31,1,0,6,2,0,2,43,1,0,0,0,0,0,0
2960526,0,0,0,0,0,0,0,12
2960586,31,1,0,5,3,0,3,43,1,0,0,0,0,0,0
2960586,0,0,0,0,0,0,0,12
2960646,31,1,0,4,4,0,4,43,1,0,0,0,0,0,0
2960646,0,0,0,0,0,0,0,12
2960706,31,1,0,3,5,0,5,43,1,0,0,0,0,0,0
2960706,0,0,0,0,0,0,0,12
2960766,31,1,0,2,6,0,6,43,1,0,0,0,0,0,0
2960766,0,0,0,0,0,0,0,12
2960826,31,1,0,1,7,0,7,43,1,0,0,0,0,0,0
2960826,0,0,0,0,0,0,0,12
2960886,31,1,0,0,8,0,8,43,1,0,0,0,0,0,0
2960886,0,0,0,0,0,0,0,12
2960946,31,1,0,7,1,0,9,43,1,0,0,0,0,0,0
2960946,0,0,0,0,0,0,0,12
2961006,31,1,0,7,1,0,10,43,1,0,0,0,0,0,0
2961006,0,0,0,0,0,0,0,12
2961066,31,1,0,7,1,0,11,43,1,0,0,0,0,0,0
2961066,0,0,0,0,0,0,0,12
2963628,31,1,0,7,1,0,4,51,1,0,0,0,0,0,0
2963628,0,0,0,0,0,0,0,18
3036804,32,0,0,0,0,0,0,56,0,0,0,0,0,0,0
3036804,0,0,0,0,0,0,0,19
3037844,31,1,0,6,2,0,1,56,0,1,0,0,0,0,0
3037844,0,0,0,0,0,0,0,19
3037904,31,1,0,4,4,0,2,56,0,1,0,0,0,0,0
3037904,0,0,0,0,0,0,0,19
3037964,31,1,0,6,2,0,5,56,0,1,0,0,0,0,0
3037964,0,0,0,0,0,0,0,19
3551625,31,1,0,6,2,0,2,60,0,1,0,0,0,0,0
3551625,0,0,0,0,0,0,0,21
3902758,32,0,0,0,0,0,0,63,0,0,0,0,0,0,0
3902758,0,0,0,0,0,0,0,21
3903027,31,1,0,4,4,0,1,63,0,0,1,0,0,0,0
3903027,0,0,0,0,0,0,0,21
3999336,32,0,0,0,0,0,0,65,0,0,0,0,0,0,0
3999336,0,0,0,0,0,0,0,23
3999396,31,1,0,6,2,0,1,65,0,1,0,0,0,0,0
3999396,0,0,0,0,0,0,0,23
3999460,31,1,0,4,4,0,2,65,0,1,0,0,0,0,0
3999460,0,0,0,0,0,0,0,23
4097710,32,0,0,0,0,0,0,68,0,0,0,0,0,0,0
4097710,0,0,0,0,0,0,0,26
4097770,31,1,0,6,2,0,1,68,0,1,0,0,0,0,0
4097770,0,0,0,0,0,0,0,26
4097830,31,1,0,4,4,0,2,68,0,1,0,0,0,0,0
4097830,0,0,0,0,0,0,0,26
4097890,31,1,0,0,8,0,4,68,0,1,0,0,0,0,0
4097890,0,0,0,0,0,0,0,26
4161528,31,1,0,6,2,0,2,72,0,1,0,0,0,0,0
4161528,0,0,0,0,0,0,0,27
4161835,30,2,0,11,5,0,3,72,1,1,0,0,0,0,0
4161835,0,0,0,0,0,0,0,27
4170003,31,1,0,4,4,0,2,74,0,1,0,0,0,0,0
4170003,0,0,0,0,0,0,0,27
4170141,31,1,0,2,6,0,3,74,0,1,0,0,0,0,0
4170141,0,0,0,0,0,0,0,27
4177182,31,1,0,0,8,0,4,74,0,1,0,0,0,0,0
4177182,0,0,0,0,0,0,0,27
4177264,31,1,0,6,2,0,5,74,0,1,0,0,0,0,0
4177264,0,0,0,0,0,0,0,27
4238975,31,1,0,6,2,0,2,78,0,1,0,0,0,0,0
4238975,0,0,0,0,0,0,0,29
4241360,31,1,0,4,4,0,2,79,0,1,0,0,0,0,0
4241360,0,0,0,0,0,0,0,30
4245625,31,1,0,4,4,0,2,80,0,1,0,0,0,0,0
4245625,0,0,0,0,0,0,0,31
4322025,32,0,0,0,0,0,0,83,0,0,0,0,0,0,0
4322025,0,0,0,0,0,0,0,32
4331041,32,0,0,0,0,0,0,84,0,0,0,0,0,0,0
4331041,0,0,0,0,0,0,0,33
4331101,31,1,0,7,1,0,1,84,1,0,0,0,0,0,0
4331101,0,0,0,0,0,0,0,33
4331161,31,1,0,6,2,0,2,84,1,0,0,0,0,0,0
4331161,0,0,0,0,0,0,0,33
4331252,31,1,0,5,3,0,3,84,1,0,0,0,0,0,0
4331252,0,0,0,0,0,0,0,33
4331312,31,1,0,4,4,0,4,84,1,0,0,0,0,0,0
4331312,0,0,0,0,0,0,0,33
4331372,31,1,0,3,5,0,5,84,1,0,0,0,0,0,0
4331372,0,0,0,0,0,0,0,33
4331432,31,1,0,2,6,0,6,84,1,0,0,0,0,0,0
4331432,0,0,0,0,0,0,0,33
4331492,31,1,0,1,7,0,7,84,1,0,0,0,0,0,0
4331492,0,0,0,0,0,0,0,33
4331552,31,1,0,7,1,0,9,84,1,0,0,0,0,0,0
4331552,0,0,0,0,0,0,0,33
4331612,31,1,0,7,1,0,11,84,1,0,0,0,0,0,0
4331612,0,0,0,0,0,0,0,33
4331672,31,1,0,7,1,0,12,84,1,0,0,0,0,0,0
4331672,0,0,0,0,0,0,0,33
4332000,31,1,0,7,1,0,14,84,1,0,0,0,0,0,0
4332000,0,0,0,0,0,0,0,33
4332060,31,1,0,7,1,0,15,84,1,0,0,0,0,0,0
4332060,0,0,0,0,0,0,0,33
4332120,30,2,0,14,2,0,16,84,2,0,0,0,0,0,0
4332120,0,0,0,0,0,0,0,33
4332180,30,2,0,12,4,0,18,84,2,0,0,0,0,0,0
4332180,0,0,0,0,0,0,0,33
4332240,30,2,0,10,6,0,20,84,2,0,0,0,0,0,0
4332240,0,0,0,0,0,0,0,33
4332300,30,2,0,9,7,0,21,84,2,0,0,0,0,0,0
4332300,0,0,0,0,0,0,0,33
4333672,31,1,0,7,1,0,7,99,1,0,0,0,0,0,0
4333672,0,0,0,0,0,0,0,38
4351182,32,0,0,0,0,0,0,107,0,0,0,0,0,0,0
4351182,0,0,0,0,0,0,0,38
4351297,31,1,0,7,1,0,1,107,1,0,0,0,0,0,0
4351297,0,0,0,0,0,0,0,38
4351419,31,1,0,6,2,0,2,107,1,0,0,0,0,0,0
4351419,0,0,0,0,0,0,0,38
4351536,31,1,0,5,3,0,3,107,1,0,0,0,0,0,0
4351536,0,0,0,0,0,0,0,38
4351651,31,1,0,4,4,0,4,107,1,0,0,0,0,0,0
4351651,0,0,0,0,0,0,0,38
4351768,31,1,0,3,5,0,5,107,1,0,0,0,0,0,0
4351768,0,0,0,0,0,0,0,38
4352443,31,1,0,2,6,0,6,107,1,0,0,0,0,0,0
4352443,0,0,0,0,0,0,0,38
4352576,31,1,0,1,7,0,7,107,1,0,0,0,0,0,0
4352576,0,0,0,0,0,0,0,38
4352697,31,1,0,0,8,0,8,107,1,0,0,0,0,0,0
4352697,0,0,0,0,0,0,0,38
4352906,31,1,0,7,1,0,9,107,1,0,0,0,0,0,0
4352906,0,0,0,0,0,0,0,38
4353026,31,1,0,7,1,0,10,107,1,0,0,0,0,0,0
4353026,0,0,0,0,0,0,0,38
4353143,31,1,0,7,1,0,11,107,1,0,0,0,0,0,0
4353143,0,0,0,0,0,0,0,38
4400837,31,1,0,7,1,0,9,110,1,0,0,0,0,0,0
4400837,0,0,0,0,0,0,0,40
4424076,31,1,0,7,1,0,3,117,1,0,0,0,0,0,0
4424076,0,0,0,0,0,0,0,41
4455325,31,1,0,4,4,0,1,120,1,0,0,0,0,0,0
4455325,0,0,0,0,0,0,0,42
4455621,30,2,0,11,5,0,2,120,1,0,1,0,0,0,0
4455621,0,0,0,0,0,0,0,42
4455681,30,2,0,7,9,0,3,120,1,0,1,0,0,0,0
4455681,0,0,0,0,0,0,0,42
4458282,30,2,0,11,5,0,5,120,1,0,1,0,0,0,0
4458282,0,0,0,0,0,0,0,42
4487604,30,2,0,8,8,0,5,121,0,0,2,0,0,0,0
4487604,0,0,0,0,0,0,0,42
4487718,29,3,0,15,9,0,6,121,1,0,2,0,0,0,0
4487718,0,0,0,0,0,0,0,42
4487832,29,3,0,14,10,0,7,121,1,0,2,0,0,0,0
4487832,0,0,0,0,0,0,0,42
4487950,29,3,0,13,11,0,8,121,1,0,2,0,0,0,0
4487950,0,0,0,0,0,0,0,42
4488070,29,3,0,12,12,0,9,121,1,0,2,0,0,0,0
4488070,0,0,0,0,0,0,0,42
4488191,29,3,0,11,13,0,10,121,1,0,2,0,0,0,0
4488191,0,0,0,0,0,0,0,42
4499917,29,3,0,10,14,0,8,124,1,0,2,0,0,0,0
4499917,0,0,0,0,0,0,0,43
4500035,29,3,0,12,12,0,9,124,1,0,2,0,0,0,0
4500035,0,0,0,0,0,0,0,43
4500154,29,3,0,11,13,0,10,124,1,0,2,0,0,0,0
4500154,0,0,0,0,0,0,0,43
4500269,29,3,0,10,14,0,11,124,1,0,2,0,0,0,0
4500269,0,0,0,0,0,0,0,43
4500385,29,3,0,9,15,0,12,124,1,0,2,0,0,0,0
4500385,0,0,0,0,0,0,0,43
4500509,29,3,0,8,16,0,13,124,1,0,2,0,0,0,0
4500509,0,0,0,0,0,0,0,43
4529925,29,3,0,15,9,0,12,126,1,0,2,0,0,0,0
4529925,0,0,0,0,0,0,0,44
4574055,29,3,0,12,12,0,5,134,0,0,3,0,0,0,0
4574055,0,0,0,0,0,0,0,47
4574184,29,3,0,11,13,0,6,134,1,0,2,0,0,0,0
4574184,0,0,0,0,0,0,0,47
4574302,29,3,0,10,14,0,7,134,1,0,2,0,0,0,0
4574302,0,0,0,0,0,0,0,47
4574431,29,3,0,9,15,0,8,134,1,0,2,0,0,0,0
4574431,0,0,0,0,0,0,0,47
4574548,29,3,0,8,16,0,9,134,1,0,2,0,0,0,0
4574548,0,0,0,0,0,0,0,47
4574742,29,3,0,7,17,0,10,134,1,0,2,0,0,0,0
4574742,0,0,0,0,0,0,0,47
4655494,30,2,0,4,12,0,3,142,0,0,2,0,0,0,0
4655494,0,0,0,0,0,0,0,49
4655613,30,2,0,11,5,0,4,142,1,0,1,0,0,0,0
4655613,0,0,0,0,0,0,0,49
4655733,30,2,0,10,6,0,5,142,1,0,1,0,0,0,0
4655733,0,0,0,0,0,0,0,49
4655854,30,2,0,9,7,0,6,142,1,0,1,0,0,0,0
4655854,0,0,0,0,0,0,0,49
4655973,30,2,0,8,8,0,7,142,1,0,1,0,0,0,0
4655973,0,0,0,0,0,0,0,49
4656092,30,2,0,7,9,0,8,142,1,0,1,0,0,0,0
4656092,0,0,0,0,0,0,0,49
4687502,30,2,0,6,10,0,9,142,1,0,1,0,0,0,0
4687502,0,0,0,0,0,0,0,49
4687665,30,2,0,5,11,0,10,142,1,0,1,0,0,0,0
4687665,0,0,0,0,0,0,0,49
4687786,30,2,0,4,12,0,11,142,1,0,1,0,0,0,0
4687786,0,0,0,0,0,0,0,49
4687938,30,2,0,11,5,0,12,142,1,0,1,0,0,0,0
4687938,0,0,0,0,0,0,0,49
4688056,30,2,0,11,5,0,13,142,1,0,1,0,0,0,0
4688056,0,0,0,0,0,0,0,49
4688177,30,2,0,11,5,0,14,142,1,0,1,0,0,0,0
4688177,0,0,0,0,0,0,0,49
4744105,30,2,0,11,5,0,9,148,1,0,1,0,0,0,0
4744105,0,0,0,0,0,0,0,50
4744235,30,2,0,5,11,0,10,148,1,0,1,0,0,0,0
4744235,0,0,0,0,0,0,0,50
4744370,30,2,0,4,12,0,11,148,1,0,1,0,0,0,0
4744370,0,0,0,0,0,0,0,50
4744508,30,2,0,11,5,0,12,148,1,0,1,0,0,0,0
4744508,0,0,0,0,0,0,0,50
4744657,30,2,0,11,5,0,13,148,1,0,1,0,0,0,0
4744657,0,0,0,0,0,0,0,50
4744796,30,2,0,11,5,0,14,148,1,0,1,0,0,0,0
4744796,0,0,0,0,0,0,0,50
4751755,30,2,0,11,5,0,14,149,1,0,1,0,0,0,0
4751755,0,0,0,0,0,0,0,50
4751871,30,2,0,7,9,0,15,149,1,0,1,0,0,0,0
4751871,0,0,0,0,0,0,0,50
4751988,30,2,0,7,9,0,16,149,1,0,1,0,0,0,0
4751988,0,0,0,0,0,0,0,50
4752106,30,2,0,7,9,0,17,149,1,0,1,0,0,0,0
4752106,0,0,0,0,0,0,0,50
4752232,29,3,0,14,10,0,18,149,2,0,1,0,0,0,0
4752232,0,0,0,0,0,0,0,50
4752351,29,3,0,13,11,0,19,149,2,0,1,0,0,0,0
4752351,0,0,0,0,0,0,0,50
4755035,29,3,0,12,12,0,18,151,2,0,1,0,0,0,0
4755035,0,0,0,0,0,0,0,52
4755411,29,3,0,11,13,0,19,151,2,0,1,0,0,0,0
4755411,0,0,0,0,0,0,0,52
4755532,29,3,0,10,14,0,20,151,2,0,1,0,0,0,0
4755532,0,0,0,0,0,0,0,52
4755651,29,3,0,9,15,0,21,151,2,0,1,0,0,0,0
4755651,0,0,0,0,0,0,0,52
4755811,29,3,0,8,16,0,22,151,2,0,1,0,0,0,0
4755811,0,0,0,0,0,0,0,52
4755933,30,2,0,7,9,0,23,151,1,0,1,0,0,0,0
4755933,0,0,0,0,0,0,0,52
4756050,29,3,0,14,10,0,24,151,2,0,1,0,0,0,0
4756050,0,0,0,0,0,0,0,52
4757662,29,3,0,13,11,0,25,151,2,0,1,0,0,0,0
4757662,0,0,0,0,0,0,0,52
4757722,29,3,0,12,12,0,26,151,2,0,1,0,0,0,0
4757722,0,0,0,0,0,0,0,52
4757782,29,3,0,11,13,0,27,151,2,0,1,0,0,0,0
4757782,0,0,0,0,0,0,0,52
4757842,29,3,0,9,15,0,29,151,2,0,1,0,0,0,0
4757842,0,0,0,0,0,0,0,52
4757902,28,4,0,15,17,0,31,151,3,0,1,0,0,0,0
4757902,0,0,0,0,0,0,0,52
4775786,30,2,0,8,8,0,23,160,2,0,0,0,0,0,0
4775786,0,0,0,0,0,0,0,53
4775846,29,3,0,20,4,0,24,160,3,0,0,0,0,0,0
4775846,0,0,0,0,0,0,0,53
4775906,29,3,0,19,5,0,25,160,3,0,0,0,0,0,0
4775906,0,0,0,0,0,0,0,53
4775966,29,3,0,18,6,0,26,160,3,0,0,0,0,0,0
4775966,0,0,0,0,0,0,0,53
4776026,29,3,0,17,7,0,27,160,3,0,0,0,0,0,0
4776026,0,0,0,0,0,0,0,53
4776108,29,3,0,16,8,0,28,160,3,0,0,0,0,0,0
4776108,0,0,0,0,0,0,0,53
4776168,29,3,0,15,9,0,29,160,3,0,0,0,0,0,0
4776168,0,0,0,0,0,0,0,53
4776228,29,3,0,14,10,0,30,160,3,0,0,0,0,0,0
4776228,0,0,0,0,0,0,0,53
4832386,31,1,0,7,1,0,14,177,1,0,0,0,0,0,0
4832386,0,0,0,0,0,0,0,59
4832502,31,1,0,7,1,0,15,177,1,0,0,0,0,0,0
4832502,0,0,0,0,0,0,0,59
4832622,30,2,0,14,2,0,16,177,2,0,0,0,0,0,0
4832622,0,0,0,0,0,0,0,59
4832738,30,2,0,13,3,0,17,177,2,0,0,0,0,0,0
4832738,0,0,0,0,0,0,0,59
4832856,30,2,0,12,4,0,18,177,2,0,0,0,0,0,0
4832856,0,0,0,0,0,0,0,59
4832976,30,2,0,11,5,0,19,177,2,0,0,0,0,0,0
4832976,0,0,0,0,0,0,0,59
4904172,31,1,0,7,1,0,8,189,1,0,0,0,0,0,0
4904172,0,0,0,0,0,0,0,63
4904232,30,2,0,6,10,0,9,189,1,1,0,0,0,0,0
4904232,0,0,0,0,0,0,0,63
4904292,30,2,0,2,14,0,11,189,1,1,0,0,0,0,0
4904292,0,0,0,0,0,0,0,63
4904352,30,2,0,6,10,0,13,189,1,1,0,0,0,0,0
4904352,0,0,0,0,0,0,0,63
4904412,30,2,0,6,10,0,15,189,1,1,0,0,0,0,0
4904412,0,0,0,0,0,0,0,63
4904472,29,3,0,10,14,0,17,189,1,2,0,0,0,0,0
4904472,0,0,0,0,0,0,0,63
4904532,29,3,0,6,18,0,19,189,1,2,0,0,0,0,0
4904532,0,0,0,0,0,0,0,63
4904592,28,4,0,12,20,0,20,189,1,3,0,0,0,0,0
4904592,0,0,0,0,0,0,0,63
4904652,28,4,0,8,24,0,22,189,1,3,0,0,0,0,0
4904652,0,0,0,0,0,0,0,63
4904712,27,5,0,12,28,0,24,189,1,4,0,0,0,0,0
4904712,0,0,0,0,0,0,0,63
4904772,28,4,0,18,14,0,26,189,1,3,0,0,0,0,0
4904772,0,0,0,0,0,0,0,63
4904832,27,5,0,24,16,0,27,189,1,4,0,0,0,0,0
4904832,0,0,0,0,0,0,0,63
4904892,27,5,0,22,18,0,28,189,1,4,0,0,0,0,0
4904892,0,0,0,0,0,0,0,63
4904952,26,6,0,26,22,0,30,189,1,5,0,0,0,0,0
4904952,0,0,0,0,0,0,0,63
4936716,26,6,0,22,26,0,30,191,1,5,0,0,0,0,0
4936716,0,0,0,0,0,0,0,63
4942146,26,6,0,24,24,0,30,192,1,5,0,0,0,0,0
4942146,0,0,0,0,0,0,0,64
4963153,26,6,0,24,24,0,21,202,1,5,0,0,0,0,0
4963153,0,0,0,0,0,0,0,68
4963213,28,4,0,22,10,0,22,202,1,3,0,0,0,0,0
4963213,0,0,0,0,0,0,0,68
4963273,28,4,0,21,11,0,23,202,1,3,0,0,0,0,0
4963273,0,0,0,0,0,0,0,68
4963333,28,4,0,19,13,0,25,202,1,3,0,0,0,0,0
4963333,0,0,0,0,0,0,0,68
4963393,28,4,0,25,7,0,27,202,1,3,0,0,0,0,0
4963393,0,0,0,0,0,0,0,68
4963718,28,4,0,25,7,0,29,202,1,3,0,0,0,0,0
4963718,0,0,0,0,0,0,0,68
4963778,28,4,0,25,7,0,30,202,1,3,0,0,0,0,0
4963778,0,0,0,0,0,0,0,68
4963838,28,4,0,25,7,0,31,202,1,3,0,0,0,0,0
4963838,0,0,0,0,0,0,0,68
4963898,28,4,0,25,7,0,32,203,1,3,0,0,0,0,0
4963898,0,0,0,0,0,0,0,69
4963958,27,5,0,31,9,0,34,203,2,3,0,0,0,0,0
4963958,0,0,0,0,0,0,0,69
4973864,27,5,0,29,11,0,29,210,2,3,0,0,0,0,0
4973864,0,0,0,0,0,0,0,72
4973924,29,3,0,17,7,0,30,210,2,1,0,0,0,0,0
4973924,0,0,0,0,0,0,0,72
4973984,28,4,0,21,11,0,32,210,2,2,0,0,0,0,0
4973984,0,0,0,0,0,0,0,72
5034218,29,3,0,15,9,0,19,224,1,2,0,0,0,0,0
5034218,0,0,0,0,0,0,0,82
5034278,29,3,0,12,12,0,20,224,1,2,0,0,0,0,0
5034278,0,0,0,0,0,0,0,82
5034338,29,3,0,11,13,0,21,224,1,2,0,0,0,0,0
5034338,0,0,0,0,0,0,0,82
5034398,29,3,0,17,7,0,23,224,1,2,0,0,0,0,0
5034398,0,0,0,0,0,0,0,82
5034458,29,3,0,17,7,0,25,224,1,2,0,0,0,0,0
5034458,0,0,0,0,0,0,0,82
5048023,30,2,0,13,3,0,22,229,1,1,0,0,0,0,0
5048023,0,0,0,0,0,0,0,83
5051777,29,3,0,17,7,0,22,230,1,1,1,0,0,0,0
5051777,0,0,0,0,0,0,0,83
5051839,29,3,0,17,7,0,23,230,1,1,1,0,0,0,0
5051839,0,0,0,0,0,0,0,83
5051899,29,3,0,17,7,0,24,230,1,1,1,0,0,0,0
5051899,0,0,0,0,0,0,0,83
5051959,29,3,0,17,7,0,25,230,1,1,1,0,0,0,0
5051959,0,0,0,0,0,0,0,83
5052019,28,4,0,23,9,0,27,230,2,1,1,0,0,0,0
5052019,0,0,0,0,0,0,0,83
5052079,28,4,0,22,10,0,28,230,2,1,1,0,0,0,0
5052079,0,0,0,0,0,0,0,83
5104565,30,2,0,13,3,0,15,244,1,1,0,0,0,0,0
5104625,29,3,0,14,10,0,16,244,1,2,0,0,0,0,0
5104685,29,3,0,14,10,0,16,244,1,2,0,0,0,0,0
5104745,29,3,0,14,10,0,16,244,1,2,0,0,0,0,0
5104805,29,3,0,14,10,0,16,244,1,2,0,0,0,0,0
5104865,29,3,0,14,10,0,16,244,1,2,0,0,0,0,0
5104925,29,3,0,14,10,0,16,244,1,2,0,0,0,0,0
5104985,29,3,0,14,10,0,16,244,1,2,0,0,0,0,0
5105045,29,3,0,14,10,0,16,244,1,2,0,0,0,0,0
5105105,29,3,0,14,10,0,16,244,1,2,0,0,0,0,0
5105165,29,3,0,14,10,0,16,244,1,2,0,0,0,0,0
5105225,29,3,0,14,10,0,16,244,1,2,0,0,0,0,0
5105285,29,3,0,14,10,0,16,244,1,2,0,0,0,0,0
5105345,29,3,0,14,10,0,16,244,1,2,0,0,0,0,0
5105405,29,3,0,14,10,0,16,244,1,2,0,0,0,0,0
5105465,29,3,0,14,10,0,16,244,1,2,0,0,0,0,0
5105525,29,3,0,14,10,0,16,244,1,2,0,0,0,0,0
5105585,29,3,0,14,10,0,16,244,1,2,0,0,0,0,0
5105645,29,3,0,14,10,0,16,244,1,2,0,0,0,0,0
5105705,29,3,0,14,10,0,16,244,1,2,0,0,0,0,0
5105765,29,3,0,14,10,0,16,244,1,2,0,0,0,0,0
5105825,29,3,0,14,10,0,16,244,1,2,0,0,0,0,0
5105885,29,3,0,14,10,0,16,244,1,2,0,0,0,0,0
5105945,29,3,0,14,10,0,16,244,1,2,0,0,0,0,0
5106005,29,3,0,14,10,0,15,245,1,2,0,0,0,0,0
5106065,29,3,0,14,10,0,15,245,1,2,0,0,0,0,0
5106125,29,3,0,14,10,0,15,245,1,2,0,0,0,0,0
5106185,29,3,0,14,10,0,15,245,1,2,0,0,0,0,0
5106245,29,3,0,14,10,0,15,245,1,2,0,0,0,0,0
5106305,29,3,0,14,10,0,15,245,1,2,0,0,0,0,0
5106365,29,3,0,14,10,0,15,245,1,2,0,0,0,0,0
5106425,29,3,0,14,10,0,15,245,1,2,0,0,0,0,0
5106485,29,3,0,14,10,0,15,245,1,2,0,0,0,0,0
5106545,29,3,0,14,10,0,15,245,1,2,0,0,0,0,0
5106605,29,3,0,14,10,0,15,245,1,2,0,0,0,0,0
5106665,29,3,0,14,10,0,15,245,1,2,0,0,0,0,0
5106725,29,3,0,14,10,0,15,245,1,2,0,0,0,0,0
5106785,29,3,0,14,10,0,15,245,1,2,0,0,0,0,0
5106845,29,3,0,14,10,0,15,245,1,2,0,0,0,0,0
5106905,29,3,0,14,10,0,15,245,1,2,0,0,0,0,0
5106965,29,3,0,14,10,0,15,245,1,2,0,0,0,0,0
5107025,29,3,0,14,10,0,15,245,1,2,0,0,0,0,0
5107085,29,3,0,14,10,0,15,245,1,2,0,0,0,0,0
5107145,29,3,0,14,10,0,15,245,1,2,0,0,0,0,0
5107205,29,3,0,14,10,0,15,245,1,2,0,0,0,0,0
5107265,29,3,0,14,10,0,15,245,1,2,0,0,0,0,0
5107325,29,3,0,14,10,0,15,245,1,2,0,0,0,0,0
5107385,29,3,0,14,10,0,15,245,1,2,0,0,0,0,0
5107445,29,3,0,14,10,0,14,246,1,2,0,0,0,0,0
5107505,29,3,0,14,10,0,14,246,1,2,0,0,0,0,0
5107565,29,3,0,14,10,0,14,246,1,2,0,0,0,0,0
5107625,29,3,0,14,10,0,13,247,1,2,0,0,0,0,0
5107685,30,2,0,8,8,0,13,247,1,1,0,0,0,0,0
5107745,30,2,0,8,8,0,13,247,1,1,0,0,0,0,0
5107805,30,2,0,8,8,0,13,247,1,1,0,0,0,0,0
5107865,30,2,0,8,8,0,13,247,1,1,0,0,0,0,0
5107925,30,2,0,8,8,0,13,247,1,1,0,0,0,0,0
5107985,30,2,0,8,8,0,13,247,1,1,0,0,0,0,0
5108045,30,2,0,8,8,0,13,247,1,1,0,0,0,0,0
5108105,30,2,0,8,8,0,13,247,1,1,0,0,0,0,0
5108165,30,2,0,8,8,0,13,247,1,1,0,0,0,0,0
5108225,30,2,0,8,8,0,13,247,1,1,0,0,0,0,0
5108285,30,2,0,8,8,0,13,247,1,1,0,0,0,0,0
5108345,30,2,0,8,8,0,13,247,1,1,0,0,0,0,0
5108405,30,2,0,8,8,0,13,247,1,1,0,0,0,0,0
5108465,30,2,0,8,8,0,13,247,1,1,0,0,0,0,0
5108525,30,2,0,8,8,0,13,247,1,1,0,0,0,0,0
5108585,30,2,0,8,8,0,13,247,1,1,0,0,0,0,0
5108645,30,2,0,8,8,0,13,247,1,1,0,0,0,0,0
5108705,30,2,0,8,8,0,13,247,1,1,0,0,0,0,0
5108765,30,2,0,8,8,0,13,247,1,1,0,0,0,0,0
5108825,30,2,0,8,8,0,13,247,1,1,0,0,0,0,0
5108885,30,2,0,8,8,0,13,247,1,1,0,0,0,0,0
5108945,30,2,0,8,8,0,13,247,1,1,0,0,0,0,0
5109005,30,2,0,8,8,0,13,247,1,1,0,0,0,0,0
5109065,30,2,0,8,8,0,13,247,1,1,0,0,0,0,0
5109125,30,2,0,8,8,0,13,247,1,1,0,0,0,0,0
5109185,30,2,0,8,8,0,13,247,1,1,0,0,0,0,0
5109245,30,2,0,8,8,0,13,247,1,1,0,0,0,0,0
5109305,30,2,0,8,8,0,13,247,1,1,0,0,0,0,0
5109365,30,2,0,8,8,0,13,247,1,1,0,0,0,0,0
5109425,30,2,0,8,8,0,13,247,1,1,0,0,0,0,0
5109485,30,2,0,8,8,0,13,247,1,1,0,0,0,0,0
5109545,30,2,0,8,8,0,13,247,1,1,0,0,0,0,0
5109605,30,2,0,8,8,0,13,247,1,1,0,0,0,0,0
5109665,30,2,0,8,8,0,13,247,1,1,0,0,0,0,0
5109725,30,2,0,8,8,0,13,247,1,1,0,0,0,0,0
5109785,30,2,0,8,8,0,13,247,1,1,0,0,0,0,0
5109845,30,2,0,8,8,0,13,247,1,1,0,0,0,0,0
5109905,30,2,0,8,8,0,13,247,1,1,0,0,0,0,0
5109965,30,2,0,8,8,0,13,247,1,1,0,0,0,0,0
5110025,30,2,0,8,8,0,13,247,1,1,0,0,0,0,0
5110085,30,2,0,8,8,0,13,247,1,1,0,0,0,0,0
5110145,30,2,0,8,8,0,13,247,1,1,0,0,0,0,0
5110205,30,2,0,8,8,0,13,247,1,1,0,0,0,0,0
5110265,30,2,0,8,8,0,13,247,1,1,0,0,0,0,0
5110325,30,2,0,8,8,0,13,247,1,1,0,0,0,0,0
5110385,30,2,0,8,8,0,12,248,1,1,0,0,0,0,0
5110445,30,2,0,9,7,0,12,248,1,1,0,0,0,0,0
5110505,30,2,0,9,7,0,12,248,1,1,0,0,0,0,0
5110565,30,2,0,9,7,0,11,249,1,1,0,0,0,0,0
5110625,30,2,0,10,6,0,11,249,1,1,0,0,0,0,0
5110685,30,2,0,10,6,0,10,250,1,1,0,0,0,0,0
5110745,30,2,0,11,5,0,10,250,1,1,0,0,0,0,0
5110805,30,2,0,11,5,0,10,250,1,1,0,0,0,0,0
5110865,30,2,0,11,5,0,10,250,1,1,0,0,0,0,0
5110925,30,2,0,11,5,0,10,250,1,1,0,0,0,0,0
5110985,30,2,0,11,5,0,10,250,1,1,0,0,0,0,0
5111045,30,2,0,11,5,0,10,250,1,1,0,0,0,0,0
5111105,30,2,0,11,5,0,10,250,1,1,0,0,0,0,0
5111165,30,2,0,11,5,0,10,250,1,1,0,0,0,0,0
5111225,30,2,0,11,5,0,10,250,1,1,0,0,0,0,0
5111285,30,2,0,11,5,0,10,250,1,1,0,0,0,0,0
5111345,30,2,0,11,5,0,10,250,1,1,0,0,0,0,0
5111405,30,2,0,11,5,0,10,250,1,1,0,0,0,0,0
5111465,30,2,0,11,5,0,10,250,1,1,0,0,0,0,0
5111525,30,2,0,11,5,0,10,250,1,1,0,0,0,0,0
5111585,30,2,0,11,5,0,10,250,1,1,0,0,0,0,0
5111645,30,2,0,11,5,0,10,250,1,1,0,0,0,0,0
5111705,30,2,0,11,5,0,10,250,1,1,0,0,0,0,0
5111765,30,2,0,11,5,0,10,250,1,1,0,0,0,0,0
5111825,30,2,0,11,5,0,10,250,1,1,0,0,0,0,0
5111885,30,2,0,11,5,0,10,250,1,1,0,0,0,0,0
5111945,30,2,0,11,5,0,10,250,1,1,0,0,0,0,0
5112005,30,2,0,11,5,0,10,250,1,1,0,0,0,0,0
5112065,30,2,0,11,5,0,10,250,1,1,0,0,0,0,0
5112125,30,2,0,11,5,0,10,250,1,1,0,0,0,0,0
5112185,30,2,0,11,5,0,10,250,1,1,0,0,0,0,0
5112245,30,2,0,11,5,0,10,250,1,1,0,0,0,0,0
5112305,30,2,0,11,5,0,10,250,1,1,0,0,0,0,0
5112365,30,2,0,11,5,0,10,250,1,1,0,0,0,0,0
5112425,30,2,0,11,5,0,10,250,1,1,0,0,0,0,0
5112485,30,2,0,11,5,0,10,250,1,1,0,0,0,0,0
5112545,30,2,0,11,5,0,10,250,1,1,0,0,0,0,0
5112605,30,2,0,11,5,0,10,250,1,1,0,0,0,0,0
5112665,30,2,0,11,5,0,10,250,1,1,0,0,0,0,0
5112725,30,2,0,11,5,0,10,250,1,1,0,0,0,0,0
5112785,30,2,0,11,5,0,10,250,1,1,0,0,0,0,0
5112845,30,2,0,11,5,0,10,250,1,1,0,0,0,0,0
5112905,30,2,0,11,5,0,10,250,1,1,0,0,0,0,0
5112965,30,2,0,11,5,0,10,250,1,1,0,0,0,0,0
5113025,30,2,0,11,5,0,10,250,1,1,0,0,0,0,0
5113085,30,2,0,11,5,0,10,250,1,1,0,0,0,0,0
5113145,30,2,0,11,5,0,10,250,1,1,0,0,0,0,0
5113205,30,2,0,11,5,0,10,250,1,1,0,0,0,0,0
5113265,30,2,0,11,5,0,10,250,1,1,0,0,0,0,0
5113325,30,2,0,11,5,0,10,250,1,1,0,0,0,0,0
5113385,30,2,0,11,5,0,10,250,1,1,0,0,0,0,0
5113445,30,2,0,11,5,0,10,250,1,1,0,0,0,0,0
5113505,30,2,0,11,5,0,10,250,1,1,0,0,0,0,0
5113565,30,2,0,11,5,0,10,250,1,1,0,0,0,0,0
5113625,30,2,0,11,5,0,10,250,1,1,0,0,0,0,0
5113685,30,2,0,11,5,0,10,250,1,1,0,0,0,0,0
5113745,30,2,0,11,5,0,10,250,1,1,0,0,0,0,0
5113805,30,2,0,11,5,0,10,250,1,1,0,0,0,0,0
5113865,30,2,0,11,5,0,10,250,1,1,0,0,0,0,0
5113925,30,2,0,11,5,0,9,251,1,1,0,0,0,0,0
5113985,30,2,0,11,5,0,9,251,1,1,0,0,0,0,0
5114045,30,2,0,11,5,0,9,251,1,1,0,0,0,0,0
5114105,30,2,0,11,5,0,9,251,1,1,0,0,0,0,0
5114165,30,2,0,11,5,0,9,251,1,1,0,0,0,0,0
5114225,30,2,0,11,5,0,9,251,1,1,0,0,0,0,0
5114285,30,2,0,11,5,0,9,251,1,1,0,0,0,0,0
5114345,30,2,0,11,5,0,8,252,1,1,0,0,0,0,0
5114405,30,2,0,11,5,0,8,252,1,1,0,0,0,0,0
5114465,30,2,0,11,5,0,8,252,1,1,0,0,0,0,0
5114525,30,2,0,11,5,0,8,252,1,1,0,0,0,0,0
5114585,30,2,0,11,5,0,8,252,1,1,0,0,0,0,0
5114645,30,2,0,11,5,0,8,252,1,1,0,0,0,0,0
5114705,30,2,0,11,5,0,8,252,1,1,0,0,0,0,0
5114765,30,2,0,11,5,0,8,252,1,1,0,0,0,0,0
5114825,30,2,0,11,5,0,8,252,1,1,0,0,0,0,0
5114885,30,2,0,11,5,0,8,252,1,1,0,0,0,0,0
5114945,30,2,0,11,5,0,8,252,1,1,0,0,0,0,0
5115005,30,2,0,11,5,0,8,252,1,1,0,0,0,0,0
5115065,30,2,0,11,5,0,8,252,1,1,0,0,0,0,0
5115125,30,2,0,11,5,0,7,253,1,1,0,0,0,0,0
5115185,30,2,0,5,11,0,7,253,1,1,0,0,0,0,0
5115245,30,2,0,5,11,0,7,253,1,1,0,0,0,0,0
5115305,30,2,0,5,11,0,7,253,1,1,0,0,0,0,0
5115365,30,2,0,5,11,0,7,253,1,1,0,0,0,0,0
5115425,30,2,0,5,11,0,7,253,1,1,0,0,0,0,0
5115485,30,2,0,5,11,0,7,253,1,1,0,0,0,0,0
5115545,30,2,0,5,11,0,7,253,1,1,0,0,0,0,0
5115605,30,2,0,5,11,0,7,253,1,1,0,0,0,0,0
5115665,30,2,0,5,11,0,7,253,1,1,0,0,0,0,0
5115725,30,2,0,5,11,0,7,253,1,1,0,0,0,0,0
5115785,30,2,0,5,11,0,5,255,1,1,0,0,0,0,0
5115845,30,2,0,7,9,0,5,255,1,1,0,0,0,0,0
5115905,30,2,0,7,9,0,5,255,1,1,0,0,0,0,0
5115965,30,2,0,7,9,0,5,255,1,1,0,0,0,0,0
5116025,30,2,0,7,9,0,5,255,1,1,0,0,0,0,0
5116085,30,2,0,7,9,0,5,255,1,1,0,0,0,0,0
5116145,30,2,0,7,9,0,5,255,1,1,0,0,0,0,0
5116205,30,2,0,7,9,0,5,255,1,1,0,0,0,0,0
5116265,30,2,0,7,9,0,5,255,1,1,0,0,0,0,0
5116325,30,2,0,7,9,0,5,255,1,1,0,0,0,0,0
5116385,30,2,0,7,9,0,5,255,1,1,0,0,0,0,0
5116445,31,1,0,0,8,0,4,256,0,1,0,0,0,0,0
5116505,31,1,0,0,8,0,4,256,0,1,0,0,0,0,0
5116565,31,1,0,0,8,0,4,256,0,1,0,0,0,0,0
5116625,31,1,0,0,8,0,4,256,0,1,0,0,0,0,0
5116685,31,1,0,0,8,0,4,256,0,1,0,0,0,0,0
5116745,31,1,0,0,8,0,4,256,0,1,0,0,0,0,0
5116805,31,1,0,0,8,0,4,256,0,1,0,0,0,0,0
5116865,31,1,0,0,8,0,4,256,0,1,0,0,0,0,0
5116925,31,1,0,0,8,0,4,256,0,1,0,0,0,0,0
5116985,31,1,0,0,8,0,4,256,0,1,0,0,0,0,0
5117045,31,1,0,0,8,0,4,256,0,1,0,0,0,0,0
5117105,31,1,0,0,8,0,4,256,0,1,0,0,0,0,0
5117165,31,1,0,0,8,0,4,256,0,1,0,0,0,0,0
5117225,31,1,0,0,8,0,4,256,0,1,0,0,0,0,0
5117285,31,1,0,0,8,0,4,256,0,1,0,0,0,0,0
5117345,31,1,0,0,8,0,4,256,0,1,0,0,0,0,0
5117405,31,1,0,0,8,0,4,256,0,1,0,0,0,0,0
5117465,31,1,0,0,8,0,4,256,0,1,0,0,0,0,0
5117525,31,1,0,0,8,0,4,256,0,1,0,0,0,0,0
5117585,31,1,0,0,8,0,4,256,0,1,0,0,0,0,0
5117645,31,1,0,0,8,0,4,256,0,1,0,0,0,0,0
5117705,31,1,0,0,8,0,4,256,0,1,0,0,0,0,0
5117765,31,1,0,0,8,0,4,256,0,1,0,0,0,0,0
5117825,31,1,0,0,8,0,4,256,0,1,0,0,0,0,0
5117885,31,1,0,0,8,0,4,256,0,1,0,0,0,0,0
5117945,31,1,0,0,8,0,4,256,0,1,0,0,0,0,0
5118005,31,1,0,0,8,0,4,256,0,1,0,0,0,0,0
5118065,31,1,0,0,8,0,4,256,0,1,0,0,0,0,0
5118125,31,1,0,0,8,0,4,256,0,1,0,0,0,0,0
5118185,31,1,0,0,8,0,4,256,0,1,0,0,0,0,0
5118245,31,1,0,0,8,0,4,256,0,1,0,0,0,0,0
5118305,31,1,0,0,8,0,4,256,0,1,0,0,0,0,0
5118365,31,1,0,0,8,0,4,256,0,1,0,0,0,0,0
5118425,31,1,0,0,8,0,4,256,0,1,0,0,0,0,0
5118485,31,1,0,0,8,0,4,256,0,1,0,0,0,0,0
5118545,31,1,0,0,8,0,4,256,0,1,0,0,0,0,0
5118605,31,1,0,0,8,0,4,256,0,1,0,0,0,0,0
5118665,31,1,0,0,8,0,4,256,0,1,0,0,0,0,0
5118725,31,1,0,0,8,0,4,256,0,1,0,0,0,0,0
5118785,31,1,0,0,8,0,4,256,0,1,0,0,0,0,0
5118845,31,1,0,0,8,0,4,256,0,1,0,0,0,0,0
5118905,31,1,0,0,8,0,4,256,0,1,0,0,0,0,0
5118965,31,1,0,0,8,0,4,256,0,1,0,0,0,0,0
5119025,31,1,0,0,8,0,4,256,0,1,0,0,0,0,0
5119085,31,1,0,0,8,0,4,256,0,1,0,0,0,0,0
5119145,31,1,0,0,8,0,4,256,0,1,0,0,0,0,0
5119205,31,1,0,0,8,0,4,256,0,1,0,0,0,0,0
5119265,31,1,0,0,8,0,4,256,0,1,0,0,0,0,0
5119325,31,1,0,0,8,0,4,256,0,1,0,0,0,0,0
5119385,31,1,0,0,8,0,4,256,0,1,0,0,0,0,0
5119445,31,1,0,0,8,0,4,256,0,1,0,0,0,0,0
5119505,31,1,0,0,8,0,4,256,0,1,0,0,0,0,0
5119565,31,1,0,0,8,0,4,256,0,1,0,0,0,0,0
5119625,31,1,0,0,8,0,4,256,0,1,0,0,0,0,0
5119685,31,1,0,0,8,0,4,256,0,1,0,0,0,0,0
5119745,31,1,0,0,8,0,4,256,0,1,0,0,0,0,0
5119805,31,1,0,0,8,0,4,256,0,1,0,0,0,0,0
5119865,31,1,0,0,8,0,4,256,0,1,0,0,0,0,0
5119925,31,1,0,0,8,0,4,256,0,1,0,0,0,0,0
5119985,31,1,0,0,8,0,4,256,0,1,0,0,0,0,0
5120045,31,1,0,0,8,0,4,256,0,1,0,0,0,0,0
5120105,31,1,0,0,8,0,4,256,0,1,0,0,0,0,0
5120165,31,1,0,0,8,0,4,256,0,1,0,0,0,0,0
5120225,31,1,0,0,8,0,4,256,0,1,0,0,0,0,0
5120285,31,1,0,0,8,0,4,256,0,1,0,0,0,0,0
5120345,31,1,0,0,8,0,4,256,0,1,0,0,0,0,0
5120405,31,1,0,0,8,0,4,256,0,1,0,0,0,0,0
5120465,31,1,0,0,8,0,4,256,0,1,0,0,0,0,0
5120525,31,1,0,0,8,0,4,256,0,1,0,0,0,0,0
5120585,31,1,0,0,8,0,4,256,0,1,0,0,0,0,0
5120645,31,1,0,0,8,0,4,256,0,1,0,0,0,0,0
5120705,31,1,0,0,8,0,4,256,0,1,0,0,0,0,0
5120765,31,1,0,0,8,0,4,256,0,1,0,0,0,0,0
5120825,31,1,0,0,8,0,4,256,0,1,0,0,0,0,0
5120885,31,1,0,0,8,0,4,256,0,1,0,0,0,0,0
5120945,31,1,0,0,8,0,4,256,0,1,0,0,0,0,0
5121005,31,1,0,0,8,0,4,256,0,1,0,0,0,0,0
5121065,31,1,0,0,8,0,4,256,0,1,0,0,0,0,0
5121125,31,1,0,0,8,0,4,256,0,1,0,0,0,0,0
5121185,31,1,0,0,8,0,4,256,0,1,0,0,0,0,0
5121245,31,1,0,0,8,0,4,256,0,1,0,0,0,0,0
5121305,31,1,0,0,8,0,4,256,0,1,0,0,0,0,0
5121365,31,1,0,0,8,0,4,256,0,1,0,0,0,0,0
5121425,31,1,0,0,8,0,4,256,0,1,0,0,0,0,0
5121485,31,1,0,0,8,0,4,256,0,1,0,0,0,0,0
5121545,31,1,0,0,8,0,4,256,0,1,0,0,0,0,0
5121605,31,1,0,0,8,0,4,256,0,1,0,0,0,0,0
5121665,31,1,0,0,8,0,4,256,0,1,0,0,0,0,0
5121725,31,1,0,0,8,0,4,256,0,1,0,0,0,0,0
5121785,31,1,0,0,8,0,4,256,0,1,0,0,0,0,0
5121845,31,1,0,0,8,0,4,256,0,1,0,0,0,0,0
5121905,31,1,0,0,8,0,4,256,0,1,0,0,0,0,0
5121965,31,1,0,0,8,0,4,256,0,1,0,0,0,0,0
5122025,31,1,0,0,8,0,4,256,0,1,0,0,0,0,0
5122085,31,1,0,0,8,0,3,257,0,1,0,0,0,0,0
5122145,31,1,0,2,6,0,3,257,0,1,0,0,0,0,0
5122205,31,1,0,2,6,0,3,257,0,1,0,0,0,0,0
5122265,31,1,0,2,6,0,3,257,0,1,0,0,0,0,0
5122325,31,1,0,2,6,0,3,257,0,1,0,0,0,0,0
5122385,31,1,0,2,6,0,3,257,0,1,0,0,0,0,0
5122445,31,1,0,2,6,0,3,257,0,1,0,0,0,0,0
5122505,31,1,0,2,6,0,3,257,0,1,0,0,0,0,0
5122565,31,1,0,2,6,0,3,257,0,1,0,0,0,0,0
5122625,31,1,0,2,6,0,3,257,0,1,0,0,0,0,0
5122685,31,1,0,2,6,0,3,257,0,1,0,0,0,0,0
5122745,31,1,0,2,6,0,3,257,0,1,0,0,0,0,0
5122805,31,1,0,2,6,0,3,257,0,1,0,0,0,0,0
5122865,31,1,0,2,6,0,3,257,0,1,0,0,0,0,0
5122925,31,1,0,2,6,0,3,257,0,1,0,0,0,0,0
5122985,31,1,0,2,6,0,3,257,0,1,0,0,0,0,0
5123045,31,1,0,2,6,0,3,257,0,1,0,0,0,0,0
5123105,31,1,0,2,6,0,3,257,0,1,0,0,0,0,0
5123165,31,1,0,2,6,0,3,257,0,1,0,0,0,0,0
5123225,31,1,0,2,6,0,3,257,0,1,0,0,0,0,0
5123285,31,1,0,2,6,0,3,257,0,1,0,0,0,0,0
5123345,31,1,0,2,6,0,3,257,0,1,0,0,0,0,0
5123405,31,1,0,2,6,0,3,257,0,1,0,0,0,0,0
5123465,31,1,0,2,6,0,3,257,0,1,0,0,0,0,0
5123525,31,1,0,2,6,0,3,257,0,1,0,0,0,0,0
5123585,31,1,0,2,6,0,3,257,0,1,0,0,0,0,0
5123645,31,1,0,2,6,0,3,257,0,1,0,0,0,0,0
5123705,31,1,0,2,6,0,3,257,0,1,0,0,0,0,0
5123765,31,1,0,2,6,0,3,257,0,1,0,0,0,0,0
5123825,31,1,0,2,6,0,3,257,0,1,0,0,0,0,0
5123885,31,1,0,2,6,0,3,257,0,1,0,0,0,0,0
5123945,31,1,0,2,6,0,3,257,0,1,0,0,0,0,0
5124005,31,1,0,2,6,0,2,258,0,1,0,0,0,0,0
5124065,31,1,0,4,4,0,2,258,0,1,0,0,0,0,0
5124125,31,1,0,4,4,0,2,258,0,1,0,0,0,0,0
5124185,31,1,0,4,4,0,2,258,0,1,0,0,0,0,0
5124245,31,1,0,4,4,0,2,258,0,1,0,0,0,0,0
5124305,31,1,0,4,4,0,2,258,0,1,0,0,0,0,0
5124365,31,1,0,4,4,0,2,258,0,1,0,0,0,0,0
5124425,31,1,0,4,4,0,2,258,0,1,0,0,0,0,0
5124485,31,1,0,4,4,0,2,258,0,1,0,0,0,0,0
5124545,31,1,0,4,4,0,2,258,0,1,0,0,0,0,0
5124605,31,1,0,4,4,0,2,258,0,1,0,0,0,0,0
5124665,31,1,0,4,4,0,2,258,0,1,0,0,0,0,0
5124725,31,1,0,4,4,0,2,258,0,1,0,0,0,0,0
5124785,31,1,0,4,4,0,2,258,0,1,0,0,0,0,0
5124845,31,1,0,4,4,0,2,258,0,1,0,0,0,0,0
5124905,31,1,0,4,4,0,2,258,0,1,0,0,0,0,0
5124965,31,1,0,4,4,0,2,258,0,1,0,0,0,0,0
5125025,31,1,0,4,4,0,2,258,0,1,0,0,0,0,0
5125085,31,1,0,4,4,0,2,258,0,1,0,0,0,0,0
5125145,31,1,0,4,4,0,2,258,0,1,0,0,0,0,0
5125205,31,1,0,4,4,0,2,258,0,1,0,0,0,0,0
5125265,31,1,0,4,4,0,2,258,0,1,0,0,0,0,0
5125325,31,1,0,4,4,0,2,258,0,1,0,0,0,0,0
5125385,31,1,0,4,4,0,2,258,0,1,0,0,0,0,0
5125445,31,1,0,4,4,0,2,258,0,1,0,0,0,0,0
5125505,31,1,0,4,4,0,2,258,0,1,0,0,0,0,0
5125565,31,1,0,4,4,0,2,258,0,1,0,0,0,0,0
5125625,31,1,0,4,4,0,2,258,0,1,0,0,0,0,0
5125685,31,1,0,4,4,0,2,258,0,1,0,0,0,0,0
5125745,31,1,0,4,4,0,2,258,0,1,0,0,0,0,0
5125805,31,1,0,4,4,0,2,258,0,1,0,0,0,0,0
5125865,31,1,0,4,4,0,2,258,0,1,0,0,0,0,0
5125925,31,1,0,4,4,0,2,258,0,1,0,0,0,0,0
5125985,31,1,0,4,4,0,2,258,0,1,0,0,0,0,0
5126045,31,1,0,4,4,0,2,258,0,1,0,0,0,0,0
5126105,31,1,0,4,4,0,2,258,0,1,0,0,0,0,0
5126165,31,1,0,4,4,0,2,258,0,1,0,0,0,0,0
5126225,31,1,0,4,4,0,2,258,0,1,0,0,0,0,0
5126285,31,1,0,4,4,0,2,258,0,1,0,0,0,0,0
5126345,31,1,0,4,4,0,2,258,0,1,0,0,0,0,0
5126405,31,1,0,4,4,0,2,258,0,1,0,0,0,0,0
5126465,31,1,0,4,4,0,2,258,0,1,0,0,0,0,0
5126525,31,1,0,4,4,0,2,258,0,1,0,0,0,0,0
5126585,31,1,0,4,4,0,2,258,0,1,0,0,0,0,0
5126645,31,1,0,4,4,0,2,258,0,1,0,0,0,0,0
5126705,31,1,0,4,4,0,2,258,0,1,0,0,0,0,0
5126765,31,1,0,4,4,0,2,258,0,1,0,0,0,0,0
5126825,31,1,0,4,4,0,2,258,0,1,0,0,0,0,0
5126885,31,1,0,4,4,0,2,258,0,1,0,0,0,0,0
5126945,31,1,0,4,4,0,2,258,0,1,0,0,0,0,0
5127005,31,1,0,4,4,0,2,258,0,1,0,0,0,0,0
5127065,31,1,0,4,4,0,2,258,0,1,0,0,0,0,0
5127125,31,1,0,4,4,0,2,258,0,1,0,0,0,0,0
5127185,31,1,0,4,4,0,2,258,0,1,0,0,0,0,0
5127245,31,1,0,4,4,0,2,258,0,1,0,0,0,0,0
5127305,31,1,0,4,4,0,2,258,0,1,0,0,0,0,0
5127365,31,1,0,4,4,0,2,258,0,1,0,0,0,0,0
5127425,31,1,0,4,4,0,2,258,0,1,0,0,0,0,0
5127485,31,1,0,4,4,0,2,258,0,1,0,0,0,0,0
5127545,31,1,0,4,4,0,2,258,0,1,0,0,0,0,0
5127605,31,1,0,4,4,0,2,258,0,1,0,0,0,0,0
5127665,31,1,0,4,4,0,2,258,0,1,0,0,0,0,0
5127725,31,1,0,4,4,0,2,258,0,1,0,0,0,0,0
5127785,31,1,0,4,4,0,2,258,0,1,0,0,0,0,0
5127845,31,1,0,4,4,0,2,258,0,1,0,0,0,0,0
5127905,31,1,0,4,4,0,2,258,0,1,0,0,0,0,0
5127965,31,1,0,4,4,0,2,258,0,1,0,0,0,0,0
5128025,31,1,0,4,4,0,2,258,0,1,0,0,0,0,0
5128085,31,1,0,4,4,0,2,258,0,1,0,0,0,0,0
5128145,31,1,0,4,4,0,2,258,0,1,0,0,0,0,0
5128205,31,1,0,4,4,0,2,258,0,1,0,0,0,0,0
5128265,31,1,0,4,4,0,2,258,0,1,0,0,0,0,0
5128325,31,1,0,4,4,0,2,258,0,1,0,0,0,0,0
5128385,31,1,0,4,4,0,2,258,0,1,0,0,0,0,0
5128445,31,1,0,4,4,0,2,258,0,1,0,0,0,0,0
5128505,31,1,0,4,4,0,2,258,0,1,0,0,0,0,0
5128565,31,1,0,4,4,0,2,258,0,1,0,0,0,0,0
5128625,31,1,0,4,4,0,2,258,0,1,0,0,0,0,0
5128685,31,1,0,4,4,0,2,258,0,1,0,0,0,0,0
5128745,31,1,0,4,4,0,2,258,0,1,0,0,0,0,0
5128805,31,1,0,4,4,0,2,258,0,1,0,0,0,0,0
5128865,31,1,0,4,4,0,2,258,0,1,0,0,0,0,0
5128925,31,1,0,4,4,0,2,258,0,1,0,0,0,0,0
5128985,31,1,0,4,4,0,2,258,0,1,0,0,0,0,0
5129045,31,1,0,4,4,0,2,258,0,1,0,0,0,0,0
5129105,31,1,0,4,4,0,2,258,0,1,0,0,0,0,0
5129165,31,1,0,4,4,0,2,258,0,1,0,0,0,0,0
5129225,31,1,0,4,4,0,2,258,0,1,0,0,0,0,0
5129285,31,1,0,4,4,0,2,258,0,1,0,0,0,0,0
5129345,31,1,0,4,4,0,2,258,0,1,0,0,0,0,0
5129405,31,1,0,4,4,0,2,258,0,1,0,0,0,0,0
5129465,31,1,0,4,4,0,2,258,0,1,0,0,0,0,0
5129525,31,1,0,4,4,0,2,258,0,1,0,0,0,0,0
5129585,31,1,0,4,4,0,2,258,0,1,0,0,0,0,0
5129645,31,1,0,4,4,0,2,258,0,1,0,0,0,0,0
5129705,31,1,0,4,4,0,2,258,0,1,0,0,0,0,0
5129765,31,1,0,4,4,0,2,258,0,1,0,0,0,0,0
5129825,31,1,0,4,4,0,2,258,0,1,0,0,0,0,0
5129885,31,1,0,4,4,0,2,258,0,1,0,0,0,0,0
5129945,31,1,0,4,4,0,2,258,0,1,0,0,0,0,0
5130005,31,1,0,4,4,0,2,258,0,1,0,0,0,0,0
5130065,31,1,0,4,4,0,2,258,0,1,0,0,0,0,0
5130125,31,1,0,4,4,0,2,258,0,1,0,0,0,0,0
5130185,31,1,0,4,4,0,2,258,0,1,0,0,0,0,0
5130245,31,1,0,4,4,0,2,258,0,1,0,0,0,0,0
5130305,31,1,0,4,4,0,2,258,0,1,0,0,0,0,0
5130365,31,1,0,4,4,0,2,258,0,1,0,0,0,0,0
5130425,31,1,0,4,4,0,2,258,0,1,0,0,0,0,0
5130485,31,1,0,4,4,0,2,258,0,1,0,0,0,0,0
5130545,31,1,0,4,4,0,2,258,0,1,0,0,0,0,0
5130605,31,1,0,4,4,0,2,258,0,1,0,0,0,0,0
5130665,31,1,0,4,4,0,2,258,0,1,0,0,0,0,0
5130725,31,1,0,4,4,0,2,258,0,1,0,0,0,0,0
5130785,31,1,0,4,4,0,2,258,0,1,0,0,0,0,0
5130845,31,1,0,4,4,0,2,258,0,1,0,0,0,0,0
5130905,31,1,0,4,4,0,2,258,0,1,0,0,0,0,0
5130965,31,1,0,4,4,0,2,258,0,1,0,0,0,0,0
5131025,31,1,0,4,4,0,2,258,0,1,0,0,0,0,0
5131085,31,1,0,4,4,0,2,258,0,1,0,0,0,0,0
5131145,31,1,0,4,4,0,2,258,0,1,0,0,0,0,0
5131205,31,1,0,4,4,0,2,258,0,1,0,0,0,0,0
5131265,31,1,0,4,4,0,2,258,0,1,0,0,0,0,0
5131325,31,1,0,4,4,0,2,258,0,1,0,0,0,0,0
5131385,31,1,0,4,4,0,2,258,0,1,0,0,0,0,0
5131445,31,1,0,4,4,0,2,258,0,1,0,0,0,0,0
5131505,31,1,0,4,4,0,2,258,0,1,0,0,0,0,0
5131565,31,1,0,4,4,0,2,258,0,1,0,0,0,0,0
5131625,31,1,0,4,4,0,2,258,0,1,0,0,0,0,0
5131685,31,1,0,4,4,0,2,258,0,1,0,0,0,0,0
5131745,31,1,0,4,4,0,2,258,0,1,0,0,0,0,0
5131805,31,1,0,4,4,0,2,258,0,1,0,0,0,0,0
5131865,31,1,0,4,4,0,2,258,0,1,0,0,0,0,0
5131925,31,1,0,4,4,0,2,258,0,1,0,0,0,0,0
5131985,31,1,0,4,4,0,2,258,0,1,0,0,0,0,0
5132045,31,1,0,4,4,0,2,258,0,1,0,0,0,0,0
5132105,31,1,0,4,4,0,2,258,0,1,0,0,0,0,0
5132165,31,1,0,4,4,0,2,258,0,1,0,0,0,0,0
5132225,31,1,0,4,4,0,2,258,0,1,0,0,0,0,0
5132285,31,1,0,4,4,0,2,258,0,1,0,0,0,0,0
5132345,31,1,0,4,4,0,2,258,0,1,0,0,0,0,0
5132405,31,1,0,4,4,0,2,258,0,1,0,0,0,0,0
5132465,31,1,0,4,4,0,2,258,0,1,0,0,0,0,0
5132525,31,1,0,4,4,0,2,258,0,1,0,0,0,0,0
5132585,31,1,0,4,4,0,2,258,0,1,0,0,0,0,0
5132645,31,1,0,4,4,0,2,258,0,1,0,0,0,0,0
5132705,31,1,0,4,4,0,2,258,0,1,0,0,0,0,0
5132765,31,1,0,4,4,0,2,258,0,1,0,0,0,0,0
5132825,31,1,0,4,4,0,2,258,0,1,0,0,0,0,0
5132885,31,1,0,4,4,0,2,258,0,1,0,0,0,0,0
5132945,31,1,0,4,4,0,2,258,0,1,0,0,0,0,0
5133005,31,1,0,4,4,0,2,258,0,1,0,0,0,0,0
5133065,31,1,0,4,4,0,2,258,0,1,0,0,0,0,0
5133125,31,1,0,4,4,0,2,258,0,1,0,0,0,0,0
5133185,31,1,0,4,4,0,2,258,0,1,0,0,0,0,0
5133245,31,1,0,4,4,0,2,258,0,1,0,0,0,0,0
5133305,31,1,0,4,4,0,2,258,0,1,0,0,0,0,0
5133365,31,1,0,4,4,0,2,258,0,1,0,0,0,0,0
5133425,31,1,0,4,4,0,2,258,0,1,0,0,0,0,0
5133485,31,1,0,4,4,0,2,258,0,1,0,0,0,0,0
5133545,31,1,0,4,4,0,2,258,0,1,0,0,0,0,0
5133605,31,1,0,4,4,0,2,258,0,1,0,0,0,0,0
5133665,31,1,0,4,4,0,2,258,0,1,0,0,0,0,0
5133725,31,1,0,4,4,0,2,258,0,1,0,0,0,0,0
5133785,31,1,0,4,4,0,2,258,0,1,0,0,0,0,0
5133845,31,1,0,4,4,0,2,258,0,1,0,0,0,0,0
5133905,31,1,0,4,4,0,2,258,0,1,0,0,0,0,0
5133965,31,1,0,4,4,0,2,258,0,1,0,0,0,0,0
5134025,31,1,0,4,4,0,2,258,0,1,0,0,0,0,0
5134085,31,1,0,4,4,0,2,258,0,1,0,0,0,0,0
5134145,31,1,0,4,4,0,2,258,0,1,0,0,0,0,0
5134205,31,1,0,4,4,0,2,258,0,1,0,0,0,0,0
5134265,31,1,0,4,4,0,2,258,0,1,0,0,0,0,0
5134325,31,1,0,4,4,0,2,258,0,1,0,0,0,0,0
5134385,31,1,0,4,4,0,2,258,0,1,0,0,0,0,0
5134445,31,1,0,4,4,0,2,258,0,1,0,0,0,0,0
5134505,31,1,0,4,4,0,2,258,0,1,0,0,0,0,0
5134565,31,1,0,4,4,0,2,258,0,1,0,0,0,0,0
5134625,31,1,0,4,4,0,2,258,0,1,0,0,0,0,0
5134685,31,1,0,4,4,0,2,258,0,1,0,0,0,0,0
5134745,31,1,0,4,4,0,2,258,0,1,0,0,0,0,0
5134805,31,1,0,4,4,0,2,258,0,1,0,0,0,0,0
5134865,31,1,0,4,4,0,2,258,0,1,0,0,0,0,0
5134925,31,1,0,4,4,0,2,258,0,1,0,0,0,0,0
5134985,31,1,0,4,4,0,2,258,0,1,0,0,0,0,0
5135045,31,1,0,4,4,0,2,258,0,1,0,0,0,0,0
5135105,31,1,0,4,4,0,2,258,0,1,0,0,0,0,0
5135165,31,1,0,4,4,0,2,258,0,1,0,0,0,0,0
5135225,31,1,0,4,4,0,2,258,0,1,0,0,0,0,0
5135285,31,1,0,4,4,0,2,258,0,1,0,0,0,0,0
5135345,31,1,0,4,4,0,2,258,0,1,0,0,0,0,0
5135405,31,1,0,4,4,0,2,258,0,1,0,0,0,0,0
5135465,31,1,0,4,4,0,2,258,0,1,0,0,0,0,0
5135525,31,1,0,4,4,0,2,258,0,1,0,0,0,0,0
5135585,31,1,0,4,4,0,2,258,0,1,0,0,0,0,0
5135645,31,1,0,4,4,0,2,258,0,1,0,0,0,0,0
5135705,31,1,0,4,4,0,2,258,0,1,0,0,0,0,0
5135765,31,1,0,4,4,0,2,258,0,1,0,0,0,0,0
5135825,31,1,0,4,4,0,2,258,0,1,0,0,0,0,0
5135885,31,1,0,4,4,0,2,258,0,1,0,0,0,0,0
5135945,31,1,0,4,4,0,2,258,0,1,0,0,0,0,0
5136005,31,1,0,4,4,0,2,258,0,1,0,0,0,0,0
5136065,31,1,0,4,4,0,2,258,0,1,0,0,0,0,0
5136125,31,1,0,4,4,0,2,258,0,1,0,0,0,0,0
5136185,31,1,0,4,4,0,2,258,0,1,0,0,0,0,0
5136245,31,1,0,4,4,0,2,258,0,1,0,0,0,0,0
5136305,31,1,0,4,4,0,2,258,0,1,0,0,0,0,0
5136365,31,1,0,4,4,0,2,258,0,1,0,0,0,0,0
5136425,31,1,0,4,4,0,2,258,0,1,0,0,0,0,0
5136485,31,1,0,4,4,0,2,258,0,1,0,0,0,0,0
5136545,31,1,0,4,4,0,2,258,0,1,0,0,0,0,0
5136605,31,1,0,4,4,0,2,258,0,1,0,0,0,0,0
5136665,31,1,0,4,4,0,2,258,0,1,0,0,0,0,0
5136725,31,1,0,4,4,0,2,258,0,1,0,0,0,0,0
5136785,31,1,0,4,4,0,2,258,0,1,0,0,0,0,0
5136845,31,1,0,4,4,0,2,258,0,1,0,0,0,0,0
5136905,31,1,0,4,4,0,2,258,0,1,0,0,0,0,0
5136965,31,1,0,4,4,0,2,258,0,1,0,0,0,0,0
5137025,31,1,0,4,4,0,2,258,0,1,0,0,0,0,0
5137085,31,1,0,4,4,0,2,258,0,1,0,0,0,0,0
5137145,31,1,0,4,4,0,2,258,0,1,0,0,0,0,0
5137205,31,1,0,4,4,0,2,258,0,1,0,0,0,0,0
5137265,31,1,0,4,4,0,2,258,0,1,0,0,0,0,0
5137325,31,1,0,4,4,0,2,258,0,1,0,0,0,0,0
5137385,31,1,0,4,4,0,2,258,0,1,0,0,0,0,0
5137445,31,1,0,4,4,0,2,258,0,1,0,0,0,0,0
5137505,31,1,0,4,4,0,2,258,0,1,0,0,0,0,0
5137565,31,1,0,4,4,0,2,258,0,1,0,0,0,0,0
5137625,31,1,0,4,4,0,2,258,0,1,0,0,0,0,0
5137685,31,1,0,4,4,0,2,258,0,1,0,0,0,0,0
5137745,31,1,0,4,4,0,2,258,0,1,0,0,0,0,0
5137805,31,1,0,4,4,0,2,258,0,1,0,0,0,0,0
5137865,31,1,0,4,4,0,2,258,0,1,0,0,0,0,0
5137925,31,1,0,4,4,0,2,258,0,1,0,0,0,0,0
5137985,31,1,0,4,4,0,2,258,0,1,0,0,0,0,0
5138045,31,1,0,4,4,0,2,258,0,1,0,0,0,0,0
5138105,31,1,0,4,4,0,2,258,0,1,0,0,0,0,0
5138165,31,1,0,4,4,0,2,258,0,1,0,0,0,0,0
5138225,31,1,0,4,4,0,2,258,0,1,0,0,0,0,0
5138285,31,1,0,4,4,0,2,258,0,1,0,0,0,0,0
5138345,31,1,0,4,4,0,2,258,0,1,0,0,0,0,0
5138405,31,1,0,4,4,0,2,258,0,1,0,0,0,0,0
5138465,31,1,0,4,4,0,2,258,0,1,0,0,0,0,0
5138525,31,1,0,4,4,0,2,258,0,1,0,0,0,0,0
5138585,31,1,0,4,4,0,2,258,0,1,0,0,0,0,0
5138645,31,1,0,4,4,0,2,258,0,1,0,0,0,0,0
5138705,31,1,0,4,4,0,2,258,0,1,0,0,0,0,0
5138765,31,1,0,4,4,0,2,258,0,1,0,0,0,0,0
5138825,31,1,0,4,4,0,2,258,0,1,0,0,0,0,0
5138885,31,1,0,4,4,0,2,258,0,1,0,0,0,0,0
5138945,31,1,0,4,4,0,2,258,0,1,0,0,0,0,0
5139005,31,1,0,4,4,0,2,258,0,1,0,0,0,0,0
5139065,31,1,0,4,4,0,2,258,0,1,0,0,0,0,0
5139125,31,1,0,4,4,0,2,258,0,1,0,0,0,0,0
5139185,31,1,0,4,4,0,2,258,0,1,0,0,0,0,0
5139245,31,1,0,4,4,0,2,258,0,1,0,0,0,0,0
5139305,31,1,0,4,4,0,2,258,0,1,0,0,0,0,0
5139365,31,1,0,4,4,0,2,258,0,1,0,0,0,0,0
5139425,31,1,0,4,4,0,2,258,0,1,0,0,0,0,0
5139485,31,1,0,4,4,0,2,258,0,1,0,0,0,0,0
5139545,31,1,0,4,4,0,2,258,0,1,0,0,0,0,0
5139605,31,1,0,4,4,0,2,258,0,1,0,0,0,0,0
5139665,31,1,0,4,4,0,2,258,0,1,0,0,0,0,0
5139725,31,1,0,4,4,0,2,258,0,1,0,0,0,0,0
5139785,31,1,0,4,4,0,2,258,0,1,0,0,0,0,0
5139845,31,1,0,4,4,0,2,258,0,1,0,0,0,0,0
5139905,31,1,0,4,4,0,2,258,0,1,0,0,0,0,0
5139965,31,1,0,4,4,0,2,258,0,1,0,0,0,0,0
5140025,31,1,0,4,4,0,2,258,0,1,0,0,0,0,0
5140085,31,1,0,4,4,0,2,258,0,1,0,0,0,0,0
5140145,31,1,0,4,4,0,2,258,0,1,0,0,0,0,0
5140205,31,1,0,4,4,0,2,258,0,1,0,0,0,0,0
5140265,31,1,0,4,4,0,2,258,0,1,0,0,0,0,0
5140325,31,1,0,4,4,0,2,258,0,1,0,0,0,0,0
5140385,31,1,0,4,4,0,2,258,0,1,0,0,0,0,0
5140445,31,1,0,4,4,0,2,258,0,1,0,0,0,0,0
5140505,31,1,0,4,4,0,2,258,0,1,0,0,0,0,0
5140565,31,1,0,4,4,0,2,258,0,1,0,0,0,0,0
5140625,31,1,0,4,4,0,2,258,0,1,0,0,0,0,0
5140685,31,1,0,4,4,0,2,258,0,1,0,0,0,0,0
5140745,31,1,0,4,4,0,2,258,0,1,0,0,0,0,0
5140805,31,1,0,4,4,0,2,258,0,1,0,0,0,0,0
5140865,31,1,0,4,4,0,2,258,0,1,0,0,0,0,0
5140925,31,1,0,4,4,0,2,258,0,1,0,0,0,0,0
5140985,31,1,0,4,4,0,2,258,0,1,0,0,0,0,0
5141045,31,1,0,4,4,0,2,258,0,1,0,0,0,0,0
5141105,31,1,0,4,4,0,2,258,0,1,0,0,0,0,0
5141165,31,1,0,4,4,0,2,258,0,1,0,0,0,0,0
5141225,31,1,0,4,4,0,2,258,0,1,0,0,0,0,0
5141285,31,1,0,4,4,0,2,258,0,1,0,0,0,0,0
5141345,31,1,0,4,4,0,2,258,0,1,0,0,0,0,0
5141405,31,1,0,4,4,0,2,258,0,1,0,0,0,0,0
5141465,31,1,0,4,4,0,2,258,0,1,0,0,0,0,0
5141525,31,1,0,4,4,0,2,258,0,1,0,0,0,0,0
5141585,31,1,0,4,4,0,2,258,0,1,0,0,0,0,0
5141645,31,1,0,4,4,0,2,258,0,1,0,0,0,0,0
5141705,31,1,0,4,4,0,2,258,0,1,0,0,0,0,0
5141765,31,1,0,4,4,0,2,258,0,1,0,0,0,0,0
5141825,31,1,0,4,4,0,2,258,0,1,0,0,0,0,0
5141885,31,1,0,4,4,0,2,258,0,1,0,0,0,0,0
5141945,31,1,0,4,4,0,2,258,0,1,0,0,0,0,0
5142005,31,1,0,4,4,0,2,258,0,1,0,0,0,0,0
5142065,31,1,0,4,4,0,2,258,0,1,0,0,0,0,0
5142125,31,1,0,4,4,0,2,258,0,1,0,0,0,0,0
5142185,31,1,0,4,4,0,2,258,0,1,0,0,0,0,0
5142245,31,1,0,4,4,0,2,258,0,1,0,0,0,0,0
5142305,31,1,0,4,4,0,2,258,0,1,0,0,0,0,0
5142365,31,1,0,4,4,0,2,258,0,1,0,0,0,0,0
5142425,31,1,0,4,4,0,2,258,0,1,0,0,0,0,0
5142485,31,1,0,4,4,0,2,258,0,1,0,0,0,0,0
5142545,31,1,0,4,4,0,2,258,0,1,0,0,0,0,0
5142605,31,1,0,4,4,0,2,258,0,1,0,0,0,0,0
5142665,31,1,0,4,4,0,2,258,0,1,0,0,0,0,0
5142725,31,1,0,4,4,0,2,258,0,1,0,0,0,0,0
5142785,31,1,0,4,4,0,2,258,0,1,0,0,0,0,0
5142845,31,1,0,4,4,0,2,258,0,1,0,0,0,0,0
5142905,31,1,0,4,4,0,2,258,0,1,0,0,0,0,0
5142965,31,1,0,4,4,0,2,258,0,1,0,0,0,0,0
5143025,31,1,0,4,4,0,2,258,0,1,0,0,0,0,0
5143085,31,1,0,4,4,0,2,258,0,1,0,0,0,0,0
5143145,31,1,0,4,4,0,2,258,0,1,0,0,0,0,0
5143205,31,1,0,4,4,0,2,258,0,1,0,0,0,0,0
5143265,31,1,0,4,4,0,2,258,0,1,0,0,0,0,0
5143325,31,1,0,4,4,0,2,258,0,1,0,0,0,0,0
5143385,31,1,0,4,4,0,2,258,0,1,0,0,0,0,0
5143445,31,1,0,4,4,0,2,258,0,1,0,0,0,0,0
5143505,31,1,0,4,4,0,2,258,0,1,0,0,0,0,0
5143565,31,1,0,4,4,0,2,258,0,1,0,0,0,0,0
5143625,31,1,0,4,4,0,2,258,0,1,0,0,0,0,0
5143685,31,1,0,4,4,0,2,258,0,1,0,0,0,0,0
5143745,31,1,0,4,4,0,2,258,0,1,0,0,0,0,0
5143805,31,1,0,4,4,0,2,258,0,1,0,0,0,0,0
5143865,31,1,0,4,4,0,2,258,0,1,0,0,0,0,0
5143925,31,1,0,4,4,0,2,258,0,1,0,0,0,0,0
5143985,31,1,0,4,4,0,2,258,0,1,0,0,0,0,0
5144045,31,1,0,4,4,0,2,258,0,1,0,0,0,0,0
5144105,31,1,0,4,4,0,2,258,0,1,0,0,0,0,0
5144165,31,1,0,4,4,0,2,258,0,1,0,0,0,0,0
5144225,31,1,0,4,4,0,2,258,0,1,0,0,0,0,0
5144285,31,1,0,4,4,0,2,258,0,1,0,0,0,0,0
5144345,31,1,0,4,4,0,2,258,0,1,0,0,0,0,0
5144405,31,1,0,4,4,0,2,258,0,1,0,0,0,0,0
5144465,31,1,0,4,4,0,2,258,0,1,0,0,0,0,0
5144525,31,1,0,4,4,0,2,258,0,1,0,0,0,0,0
5144585,31,1,0,4,4,0,2,258,0,1,0,0,0,0,0
5144645,31,1,0,4,4,0,2,258,0,1,0,0,0,0,0
5144705,31,1,0,4,4,0,2,258,0,1,0,0,0,0,0
5144765,31,1,0,4,4,0,2,258,0,1,0,0,0,0,0
5144825,31,1,0,4,4,0,2,258,0,1,0,0,0,0,0
5144885,31,1,0,4,4,0,2,258,0,1,0,0,0,0,0
5144945,31,1,0,4,4,0,2,258,0,1,0,0,0,0,0
5145005,31,1,0,4,4,0,2,258,0,1,0,0,0,0,0
5145065,31,1,0,4,4,0,2,258,0,1,0,0,0,0,0
5145125,31,1,0,4,4,0,2,258,0,1,0,0,0,0,0
5145185,31,1,0,4,4,0,2,258,0,1,0,0,0,0,0
5145245,31,1,0,4,4,0,2,258,0,1,0,0,0,0,0
5145305,31,1,0,4,4,0,2,258,0,1,0,0,0,0,0
5145365,31,1,0,4,4,0,2,258,0,1,0,0,0,0,0
5145425,31,1,0,4,4,0,2,258,0,1,0,0,0,0,0
5145485,31,1,0,4,4,0,2,258,0,1,0,0,0,0,0
5145545,31,1,0,4,4,0,2,258,0,1,0,0,0,0,0
5145605,31,1,0,4,4,0,2,258,0,1,0,0,0,0,0
5145665,31,1,0,4,4,0,2,258,0,1,0,0,0,0,0
5145725,31,1,0,4,4,0,2,258,0,1,0,0,0,0,0
5145785,31,1,0,4,4,0,2,258,0,1,0,0,0,0,0
5145845,31,1,0,4,4,0,2,258,0,1,0,0,0,0,0
5145905,31,1,0,4,4,0,2,258,0,1,0,0,0,0,0
5145965,31,1,0,4,4,0,2,258,0,1,0,0,0,0,0
5146025,31,1,0,4,4,0,2,258,0,1,0,0,0,0,0
5146085,31,1,0,4,4,0,2,258,0,1,0,0,0,0,0
5146145,31,1,0,4,4,0,2,258,0,1,0,0,0,0,0
5146205,31,1,0,4,4,0,2,258,0,1,0,0,0,0,0
5146265,31,1,0,4,4,0,2,258,0,1,0,0,0,0,0
5146325,31,1,0,4,4,0,2,258,0,1,0,0,0,0,0
5146385,31,1,0,4,4,0,2,258,0,1,0,0,0,0,0
5146445,31,1,0,4,4,0,2,258,0,1,0,0,0,0,0
5146505,31,1,0,4,4,0,2,258,0,1,0,0,0,0,0
5146565,31,1,0,4,4,0,2,258,0,1,0,0,0,0,0
5146625,31,1,0,4,4,0,2,258,0,1,0,0,0,0,0
5146685,31,1,0,4,4,0,2,258,0,1,0,0,0,0,0
5146745,31,1,0,4,4,0,2,258,0,1,0,0,0,0,0
5146805,31,1,0,4,4,0,2,258,0,1,0,0,0,0,0
5146865,31,1,0,4,4,0,2,258,0,1,0,0,0,0,0
5146925,31,1,0,4,4,0,2,258,0,1,0,0,0,0,0
5146985,31,1,0,4,4,0,2,258,0,1,0,0,0,0,0
5147045,31,1,0,4,4,0,2,258,0,1,0,0,0,0,0
5147105,31,1,0,4,4,0,2,258,0,1,0,0,0,0,0
5147165,31,1,0,4,4,0,2,258,0,1,0,0,0,0,0
5147225,31,1,0,4,4,0,2,258,0,1,0,0,0,0,0
5147285,31,1,0,4,4,0,2,258,0,1,0,0,0,0,0
5147345,31,1,0,4,4,0,2,258,0,1,0,0,0,0,0
5147405,31,1,0,4,4,0,2,258,0,1,0,0,0,0,0
5147465,31,1,0,4,4,0,2,258,0,1,0,0,0,0,0
5147525,31,1,0,4,4,0,2,258,0,1,0,0,0,0,0
5147585,31,1,0,4,4,0,2,258,0,1,0,0,0,0,0
5147645,31,1,0,4,4,0,2,258,0,1,0,0,0,0,0
5147705,31,1,0,4,4,0,2,258,0,1,0,0,0,0,0
5147765,31,1,0,4,4,0,2,258,0,1,0,0,0,0,0
5147825,31,1,0,4,4,0,2,258,0,1,0,0,0,0,0
5147885,31,1,0,4,4,0,2,258,0,1,0,0,0,0,0
5147945,31,1,0,4,4,0,2,258,0,1,0,0,0,0,0
5148005,31,1,0,4,4,0,2,258,0,1,0,0,0,0,0
5148065,31,1,0,4,4,0,2,258,0,1,0,0,0,0,0
5148125,31,1,0,4,4,0,2,258,0,1,0,0,0,0,0
5148185,31,1,0,4,4,0,2,258,0,1,0,0,0,0,0
5148245,31,1,0,4,4,0,2,258,0,1,0,0,0,0,0
5148305,31,1,0,4,4,0,2,258,0,1,0,0,0,0,0
5148365,31,1,0,4,4,0,2,258,0,1,0,0,0,0,0
5148425,31,1,0,4,4,0,2,258,0,1,0,0,0,0,0
5148485,31,1,0,4,4,0,2,258,0,1,0,0,0,0,0
5148545,31,1,0,4,4,0,2,258,0,1,0,0,0,0,0
5148605,31,1,0,4,4,0,2,258,0,1,0,0,0,0,0
5148665,31,1,0,4,4,0,2,258,0,1,0,0,0,0,0
5148725,31,1,0,4,4,0,2,258,0,1,0,0,0,0,0
5148785,31,1,0,4,4,0,2,258,0,1,0,0,0,0,0
5148845,31,1,0,4,4,0,2,258,0,1,0,0,0,0,0
5148905,31,1,0,4,4,0,2,258,0,1,0,0,0,0,0
5148965,31,1,0,4,4,0,2,258,0,1,0,0,0,0,0
5149025,31,1,0,4,4,0,2,258,0,1,0,0,0,0,0
5149085,31,1,0,4,4,0,2,258,0,1,0,0,0,0,0
5149145,31,1,0,4,4,0,2,258,0,1,0,0,0,0,0
5149205,31,1,0,4,4,0,2,258,0,1,0,0,0,0,0
5149265,31,1,0,4,4,0,2,258,0,1,0,0,0,0,0
5149325,31,1,0,4,4,0,2,258,0,1,0,0,0,0,0
5149385,31,1,0,4,4,0,2,258,0,1,0,0,0,0,0
5149445,31,1,0,4,4,0,2,258,0,1,0,0,0,0,0
5149505,31,1,0,4,4,0,2,258,0,1,0,0,0,0,0
5149565,31,1,0,4,4,0,2,258,0,1,0,0,0,0,0
5149625,31,1,0,4,4,0,2,258,0,1,0,0,0,0,0
5149685,31,1,0,4,4,0,2,258,0,1,0,0,0,0,0
5149745,31,1,0,4,4,0,2,258,0,1,0,0,0,0,0
5149805,31,1,0,4,4,0,2,258,0,1,0,0,0,0,0
5149865,31,1,0,4,4,0,2,258,0,1,0,0,0,0,0
5149925,31,1,0,4,4,0,2,258,0,1,0,0,0,0,0
5149985,31,1,0,4,4,0,2,258,0,1,0,0,0,0,0
5150045,31,1,0,4,4,0,2,258,0,1,0,0,0,0,0
5150105,31,1,0,4,4,0,2,258,0,1,0,0,0,0,0
5150165,31,1,0,4,4,0,2,258,0,1,0,0,0,0,0
5150225,31,1,0,4,4,0,2,258,0,1,0,0,0,0,0
5150285,31,1,0,4,4,0,2,258,0,1,0,0,0,0,0
5150345,31,1,0,4,4,0,2,258,0,1,0,0,0,0,0
5150405,31,1,0,4,4,0,2,258,0,1,0,0,0,0,0
5150465,31,1,0,4,4,0,2,258,0,1,0,0,0,0,0
5150525,31,1,0,4,4,0,2,258,0,1,0,0,0,0,0
5150585,31,1,0,4,4,0,2,258,0,1,0,0,0,0,0
5150645,31,1,0,4,4,0,2,258,0,1,0,0,0,0,0
5150705,31,1,0,4,4,0,2,258,0,1,0,0,0,0,0
5150765,31,1,0,4,4,0,2,258,0,1,0,0,0,0,0
5150825,31,1,0,4,4,0,2,258,0,1,0,0,0,0,0
5150885,31,1,0,4,4,0,2,258,0,1,0,0,0,0,0
5150945,31,1,0,4,4,0,2,258,0,1,0,0,0,0,0
5151005,31,1,0,4,4,0,2,258,0,1,0,0,0,0,0
5151065,31,1,0,4,4,0,2,258,0,1,0,0,0,0,0
5151125,31,1,0,4,4,0,2,258,0,1,0,0,0,0,0
5151185,31,1,0,4,4,0,2,258,0,1,0,0,0,0,0
5151245,31,1,0,4,4,0,2,258,0,1,0,0,0,0,0
5151305,31,1,0,4,4,0,2,258,0,1,0,0,0,0,0
5151365,31,1,0,4,4,0,2,258,0,1,0,0,0,0,0
5151425,31,1,0,4,4,0,2,258,0,1,0,0,0,0,0
5151485,31,1,0,4,4,0,2,258,0,1,0,0,0,0,0
5151545,31,1,0,4,4,0,2,258,0,1,0,0,0,0,0
5151605,31,1,0,4,4,0,2,258,0,1,0,0,0,0,0
5151665,31,1,0,4,4,0,2,258,0,1,0,0,0,0,0
5151725,31,1,0,4,4,0,2,258,0,1,0,0,0,0,0
5151785,31,1,0,4,4,0,2,258,0,1,0,0,0,0,0
5151845,31,1,0,4,4,0,2,258,0,1,0,0,0,0,0
5151905,31,1,0,4,4,0,2,258,0,1,0,0,0,0,0
5151965,31,1,0,4,4,0,2,258,0,1,0,0,0,0,0
5152025,31,1,0,4,4,0,2,258,0,1,0,0,0,0,0
5152085,31,1,0,4,4,0,2,258,0,1,0,0,0,0,0
5152145,31,1,0,4,4,0,2,258,0,1,0,0,0,0,0
5152205,31,1,0,4,4,0,2,258,0,1,0,0,0,0,0
5152265,31,1,0,4,4,0,2,258,0,1,0,0,0,0,0
5152325,31,1,0,4,4,0,2,258,0,1,0,0,0,0,0
5152385,31,1,0,4,4,0,2,258,0,1,0,0,0,0,0
5152445,31,1,0,4,4,0,2,258,0,1,0,0,0,0,0
5152505,31,1,0,4,4,0,2,258,0,1,0,0,0,0,0
5152565,31,1,0,4,4,0,2,258,0,1,0,0,0,0,0
5152625,31,1,0,4,4,0,2,258,0,1,0,0,0,0,0
5152685,31,1,0,4,4,0,2,258,0,1,0,0,0,0,0
5152745,31,1,0,4,4,0,2,258,0,1,0,0,0,0,0
5152805,31,1,0,4,4,0,2,258,0,1,0,0,0,0,0
5152865,31,1,0,4,4,0,2,258,0,1,0,0,0,0,0
5152925,31,1,0,4,4,0,2,258,0,1,0,0,0,0,0
5152985,31,1,0,4,4,0,2,258,0,1,0,0,0,0,0
5153045,31,1,0,4,4,0,2,258,0,1,0,0,0,0,0
5153105,31,1,0,4,4,0,2,258,0,1,0,0,0,0,0
5153165,31,1,0,4,4,0,2,258,0,1,0,0,0,0,0
5153225,31,1,0,4,4,0,2,258,0,1,0,0,0,0,0
5153285,31,1,0,4,4,0,2,258,0,1,0,0,0,0,0
5153345,31,1,0,4,4,0,2,258,0,1,0,0,0,0,0
5153405,31,1,0,4,4,0,2,258,0,1,0,0,0,0,0
5153465,31,1,0,4,4,0,2,258,0,1,0,0,0,0,0
5153525,31,1,0,4,4,0,2,258,0,1,0,0,0,0,0
5153585,31,1,0,4,4,0,2,258,0,1,0,0,0,0,0
5153645,31,1,0,4,4,0,2,258,0,1,0,0,0,0,0
5153705,31,1,0,4,4,0,2,258,0,1,0,0,0,0,0
5153765,31,1,0,4,4,0,2,258,0,1,0,0,0,0,0
5153825,31,1,0,4,4,0,2,258,0,1,0,0,0,0,0
5153885,31,1,0,4,4,0,2,258,0,1,0,0,0,0,0
5153945,31,1,0,4,4,0,2,258,0,1,0,0,0,0,0
5154005,31,1,0,4,4,0,2,258,0,1,0,0,0,0,0
5154065,31,1,0,4,4,0,2,258,0,1,0,0,0,0,0
5154125,31,1,0,4,4,0,2,258,0,1,0,0,0,0,0
5154185,31,1,0,4,4,0,2,258,0,1,0,0,0,0,0
5154245,31,1,0,4,4,0,2,258,0,1,0,0,0,0,0
5154305,31,1,0,4,4,0,2,258,0,1,0,0,0,0,0
5154365,31,1,0,4,4,0,2,258,0,1,0,0,0,0,0
5154425,31,1,0,4,4,0,2,258,0,1,0,0,0,0,0
5154485,31,1,0,4,4,0,2,258,0,1,0,0,0,0,0
5154545,31,1,0,4,4,0,2,258,0,1,0,0,0,0,0
5154605,31,1,0,4,4,0,2,258,0,1,0,0,0,0,0
5154665,31,1,0,4,4,0,2,258,0,1,0,0,0,0,0
5154725,31,1,0,4,4,0,2,258,0,1,0,0,0,0,0
5154785,31,1,0,4,4,0,1,259,0,1,0,0,0,0,0
5154845,31,1,0,6,2,0,1,259,0,1,0,0,0,0,0
5154905,31,1,0,6,2,0,1,259,0,1,0,0,0,0,0
5154965,31,1,0,6,2,0,1,259,0,1,0,0,0,0,0
5155025,31,1,0,6,2,0,1,259,0,1,0,0,0,0,0
5155085,31,1,0,6,2,0,1,259,0,1,0,0,0,0,0
5155145,31,1,0,6,2,0,1,259,0,1,0,0,0,0,0
5155205,31,1,0,6,2,0,1,259,0,1,0,0,0,0,0
5155265,31,1,0,6,2,0,1,259,0,1,0,0,0,0,0
5155325,31,1,0,6,2,0,1,259,0,1,0,0,0,0,0
5155385,31,1,0,6,2,0,1,259,0,1,0,0,0,0,0
5155445,31,1,0,6,2,0,1,259,0,1,0,0,0,0,0
5155505,31,1,0,6,2,0,1,259,0,1,0,0,0,0,0
5155565,31,1,0,6,2,0,1,259,0,1,0,0,0,0,0
5155625,31,1,0,6,2,0,1,259,0,1,0,0,0,0,0
5155685,31,1,0,6,2,0,1,259,0,1,0,0,0,0,0
5155745,31,1,0,6,2,0,1,259,0,1,0,0,0,0,0
5155805,31,1,0,6,2,0,1,259,0,1,0,0,0,0,0
5155865,31,1,0,6,2,0,1,259,0,1,0,0,0,0,0
5155925,31,1,0,6,2,0,1,259,0,1,0,0,0,0,0
5155985,31,1,0,6,2,0,1,259,0,1,0,0,0,0,0
5156045,31,1,0,6,2,0,1,259,0,1,0,0,0,0,0
5156105,31,1,0,6,2,0,1,259,0,1,0,0,0,0,0
5156165,31,1,0,6,2,0,1,259,0,1,0,0,0,0,0
5156225,31,1,0,6,2,0,1,259,0,1,0,0,0,0,0
5156285,31,1,0,6,2,0,1,259,0,1,0,0,0,0,0
5156345,31,1,0,6,2,0,1,259,0,1,0,0,0,0,0
5156405,31,1,0,6,2,0,1,259,0,1,0,0,0,0,0
5156465,31,1,0,6,2,0,1,259,0,1,0,0,0,0,0
5156525,31,1,0,6,2,0,1,259,0,1,0,0,0,0,0
5156585,31,1,0,6,2,0,1,259,0,1,0,0,0,0,0
5156645,31,1,0,6,2,0,1,259,0,1,0,0,0,0,0
5156705,31,1,0,6,2,0,1,259,0,1,0,0,0,0,0
5156765,31,1,0,6,2,0,1,259,0,1,0,0,0,0,0
5156825,31,1,0,6,2,0,1,259,0,1,0,0,0,0,0
5156885,31,1,0,6,2,0,1,259,0,1,0,0,0,0,0
5156945,31,1,0,6,2,0,1,259,0,1,0,0,0,0,0
5157005,31,1,0,6,2,0,1,259,0,1,0,0,0,0,0
5157065,31,1,0,6,2,0,1,259,0,1,0,0,0,0,0
5157125,31,1,0,6,2,0,1,259,0,1,0,0,0,0,0
5157185,31,1,0,6,2,0,1,259,0,1,0,0,0,0,0
5157245,31,1,0,6,2,0,1,259,0,1,0,0,0,0,0
5157305,31,1,0,6,2,0,1,259,0,1,0,0,0,0,0
5157365,31,1,0,6,2,0,1,259,0,1,0,0,0,0,0
5157425,31,1,0,6,2,0,1,259,0,1,0,0,0,0,0
5157485,31,1,0,6,2,0,1,259,0,1,0,0,0,0,0
5157545,31,1,0,6,2,0,1,259,0,1,0,0,0,0,0
5157605,31,1,0,6,2,0,1,259,0,1,0,0,0,0,0
5157665,31,1,0,6,2,0,1,259,0,1,0,0,0,0,0
5157725,31,1,0,6,2,0,1,259,0,1,0,0,0,0,0
5157785,31,1,0,6,2,0,1,259,0,1,0,0,0,0,0
5157845,31,1,0,6,2,0,1,259,0,1,0,0,0,0,0
5157905,31,1,0,6,2,0,1,259,0,1,0,0,0,0,0
5157965,31,1,0,6,2,0,1,259,0,1,0,0,0,0,0
5158025,31,1,0,6,2,0,1,259,0,1,0,0,0,0,0
5158085,31,1,0,6,2,0,1,259,0,1,0,0,0,0,0
5158145,31,1,0,6,2,0,1,259,0,1,0,0,0,0,0
5158205,31,1,0,6,2,0,1,259,0,1,0,0,0,0,0
5158265,31,1,0,6,2,0,1,259,0,1,0,0,0,0,0
5158325,31,1,0,6,2,0,1,259,0,1,0,0,0,0,0
5158385,31,1,0,6,2,0,1,259,0,1,0,0,0,0,0
5158445,31,1,0,6,2,0,1,259,0,1,0,0,0,0,0
5158505,31,1,0,6,2,0,1,259,0,1,0,0,0,0,0
5158565,31,1,0,6,2,0,1,259,0,1,0,0,0,0,0
5158625,31,1,0,6,2,0,1,259,0,1,0,0,0,0,0
5158685,31,1,0,6,2,0,1,259,0,1,0,0,0,0,0
5158745,31,1,0,6,2,0,1,259,0,1,0,0,0,0,0
5158805,31,1,0,6,2,0,1,259,0,1,0,0,0,0,0
5158865,31,1,0,6,2,0,1,259,0,1,0,0,0,0,0
5158925,31,1,0,6,2,0,1,259,0,1,0,0,0,0,0
5158985,31,1,0,6,2,0,1,259,0,1,0,0,0,0,0
5159045,31,1,0,6,2,0,1,259,0,1,0,0,0,0,0
5159105,31,1,0,6,2,0,1,259,0,1,0,0,0,0,0
5159165,31,1,0,6,2,0,1,259,0,1,0,0,0,0,0
5159225,31,1,0,6,2,0,1,259,0,1,0,0,0,0,0
5159285,31,1,0,6,2,0,1,259,0,1,0,0,0,0,0
5159345,31,1,0,6,2,0,1,259,0,1,0,0,0,0,0
5159405,31,1,0,6,2,0,1,259,0,1,0,0,0,0,0
5159465,31,1,0,6,2,0,1,259,0,1,0,0,0,0,0
5159525,31,1,0,6,2,0,1,259,0,1,0,0,0,0,0
5159585,31,1,0,6,2,0,1,259,0,1,0,0,0,0,0
5159645,31,1,0,6,2,0,1,259,0,1,0,0,0,0,0
5159705,31,1,0,6,2,0,1,259,0,1,0,0,0,0,0
5159765,31,1,0,6,2,0,1,259,0,1,0,0,0,0,0
5159825,31,1,0,6,2,0,1,259,0,1,0,0,0,0,0
5159885,31,1,0,6,2,0,1,259,0,1,0,0,0,0,0
5159945,31,1,0,6,2,0,1,259,0,1,0,0,0,0,0
5160005,31,1,0,6,2,0,1,259,0,1,0,0,0,0,0
5160065,31,1,0,6,2,0,1,259,0,1,0,0,0,0,0
5160125,31,1,0,6,2,0,1,259,0,1,0,0,0,0,0
5160185,31,1,0,6,2,0,1,259,0,1,0,0,0,0,0
5160245,31,1,0,6,2,0,1,259,0,1,0,0,0,0,0
5160305,31,1,0,6,2,0,1,259,0,1,0,0,0,0,0
5160365,31,1,0,6,2,0,1,259,0,1,0,0,0,0,0
5160425,31,1,0,6,2,0,1,259,0,1,0,0,0,0,0
5160485,31,1,0,6,2,0,1,259,0,1,0,0,0,0,0
5160545,31,1,0,6,2,0,1,259,0,1,0,0,0,0,0
5160605,31,1,0,6,2,0,1,259,0,1,0,0,0,0,0
5160665,31,1,0,6,2,0,1,259,0,1,0,0,0,0,0
5160725,31,1,0,6,2,0,1,259,0,1,0,0,0,0,0
5160785,31,1,0,6,2,0,1,259,0,1,0,0,0,0,0
5160845,31,1,0,6,2,0,1,259,0,1,0,0,0,0,0
5160905,31,1,0,6,2,0,1,259,0,1,0,0,0,0,0
5160965,31,1,0,6,2,0,1,259,0,1,0,0,0,0,0
5161025,31,1,0,6,2,0,1,259,0,1,0,0,0,0,0
5161085,31,1,0,6,2,0,1,259,0,1,0,0,0,0,0
5161145,31,1,0,6,2,0,1,259,0,1,0,0,0,0,0
5161205,31,1,0,6,2,0,1,259,0,1,0,0,0,0,0
5161265,31,1,0,6,2,0,1,259,0,1,0,0,0,0,0
5161325,31,1,0,6,2,0,1,259,0,1,0,0,0,0,0
5161385,31,1,0,6,2,0,1,259,0,1,0,0,0,0,0
5161445,31,1,0,6,2,0,1,259,0,1,0,0,0,0,0
5161505,31,1,0,6,2,0,1,259,0,1,0,0,0,0,0
5161565,31,1,0,6,2,0,1,259,0,1,0,0,0,0,0
5161625,31,1,0,6,2,0,1,259,0,1,0,0,0,0,0
5161685,31,1,0,6,2,0,1,259,0,1,0,0,0,0,0
5161745,31,1,0,6,2,0,1,259,0,1,0,0,0,0,0
5161805,31,1,0,6,2,0,1,259,0,1,0,0,0,0,0
5161865,31,1,0,6,2,0,1,259,0,1,0,0,0,0,0
5161925,31,1,0,6,2,0,1,259,0,1,0,0,0,0,0
5161985,31,1,0,6,2,0,1,259,0,1,0,0,0,0,0
5162045,31,1,0,6,2,0,1,259,0,1,0,0,0,0,0
5162105,31,1,0,6,2,0,1,259,0,1,0,0,0,0,0
5162165,31,1,0,6,2,0,1,259,0,1,0,0,0,0,0
5162225,31,1,0,6,2,0,1,259,0,1,0,0,0,0,0
5162285,31,1,0,6,2,0,1,259,0,1,0,0,0,0,0
5162345,31,1,0,6,2,0,1,259,0,1,0,0,0,0,0
5162405,31,1,0,6,2,0,1,259,0,1,0,0,0,0,0
5162465,31,1,0,6,2,0,1,259,0,1,0,0,0,0,0
5162525,31,1,0,6,2,0,1,259,0,1,0,0,0,0,0
5162585,31,1,0,6,2,0,1,259,0,1,0,0,0,0,0
5162645,31,1,0,6,2,0,1,259,0,1,0,0,0,0,0
5162705,31,1,0,6,2,0,1,259,0,1,0,0,0,0,0
5162765,31,1,0,6,2,0,1,259,0,1,0,0,0,0,0
5162825,31,1,0,6,2,0,1,259,0,1,0,0,0,0,0
5162885,31,1,0,6,2,0,1,259,0,1,0,0,0,0,0
5162945,31,1,0,6,2,0,1,259,0,1,0,0,0,0,0
5163005,31,1,0,6,2,0,1,259,0,1,0,0,0,0,0
5163065,31,1,0,6,2,0,1,259,0,1,0,0,0,0,0
5163125,31,1,0,6,2,0,1,259,0,1,0,0,0,0,0
5163185,31,1,0,6,2,0,1,259,0,1,0,0,0,0,0
5163245,31,1,0,6,2,0,1,259,0,1,0,0,0,0,0
5163305,31,1,0,6,2,0,1,259,0,1,0,0,0,0,0
5163365,31,1,0,6,2,0,1,259,0,1,0,0,0,0,0
5163425,31,1,0,6,2,0,1,259,0,1,0,0,0,0,0
5163485,31,1,0,6,2,0,1,259,0,1,0,0,0,0,0
5163545,31,1,0,6,2,0,1,259,0,1,0,0,0,0,0
5163605,31,1,0,6,2,0,1,259,0,1,0,0,0,0,0
5163665,31,1,0,6,2,0,1,259,0,1,0,0,0,0,0
5163725,31,1,0,6,2,0,1,259,0,1,0,0,0,0,0
5163785,31,1,0,6,2,0,1,259,0,1,0,0,0,0,0
5163845,31,1,0,6,2,0,1,259,0,1,0,0,0,0,0
5163905,31,1,0,6,2,0,1,259,0,1,0,0,0,0,0
5163965,31,1,0,6,2,0,1,259,0,1,0,0,0,0,0
5164025,31,1,0,6,2,0,1,259,0,1,0,0,0,0,0
5164085,31,1,0,6,2,0,1,259,0,1,0,0,0,0,0
5164145,31,1,0,6,2,0,1,259,0,1,0,0,0,0,0
5164205,31,1,0,6,2,0,1,259,0,1,0,0,0,0,0
5164265,31,1,0,6,2,0,1,259,0,1,0,0,0,0,0
5164325,31,1,0,6,2,0,1,259,0,1,0,0,0,0,0
5164385,31,1,0,6,2,0,1,259,0,1,0,0,0,0,0
5164445,31,1,0,6,2,0,1,259,0,1,0,0,0,0,0
5164505,31,1,0,6,2,0,1,259,0,1,0,0,0,0,0
5164565,31,1,0,6,2,0,1,259,0,1,0,0,0,0,0
5164625,31,1,0,6,2,0,1,259,0,1,0,0,0,0,0
5164685,31,1,0,6,2,0,1,259,0,1,0,0,0,0,0
5164745,31,1,0,6,2,0,1,259,0,1,0,0,0,0,0
5164805,31,1,0,6,2,0,1,259,0,1,0,0,0,0,0
5164865,31,1,0,6,2,0,1,259,0,1,0,0,0,0,0
5164925,31,1,0,6,2,0,1,259,0,1,0,0,0,0,0
5164985,31,1,0,6,2,0,1,259,0,1,0,0,0,0,0
5165045,31,1,0,6,2,0,1,259,0,1,0,0,0,0,0
5165105,31,1,0,6,2,0,1,259,0,1,0,0,0,0,0
5165165,31,1,0,6,2,0,1,259,0,1,0,0,0,0,0
5165225,31,1,0,6,2,0,1,259,0,1,0,0,0,0,0
5165285,31,1,0,6,2,0,1,259,0,1,0,0,0,0,0
5165345,31,1,0,6,2,0,1,259,0,1,0,0,0,0,0
5165405,31,1,0,6,2,0,1,259,0,1,0,0,0,0,0
5165465,31,1,0,6,2,0,1,259,0,1,0,0,0,0,0
5165525,31,1,0,6,2,0,1,259,0,1,0,0,0,0,0
5165585,31,1,0,6,2,0,1,259,0,1,0,0,0,0,0
5165645,31,1,0,6,2,0,1,259,0,1,0,0,0,0,0
5165705,31,1,0,6,2,0,1,259,0,1,0,0,0,0,0
5165765,31,1,0,6,2,0,1,259,0,1,0,0,0,0,0
5165825,31,1,0,6,2,0,1,259,0,1,0,0,0,0,0
5165885,31,1,0,6,2,0,1,259,0,1,0,0,0,0,0
5165945,31,1,0,6,2,0,1,259,0,1,0,0,0,0,0
5166005,31,1,0,6,2,0,1,259,0,1,0,0,0,0,0
5166065,31,1,0,6,2,0,1,259,0,1,0,0,0,0,0
5166125,31,1,0,6,2,0,1,259,0,1,0,0,0,0,0
5166185,31,1,0,6,2,0,1,259,0,1,0,0,0,0,0
5166245,31,1,0,6,2,0,1,259,0,1,0,0,0,0,0
5166305,31,1,0,6,2,0,1,259,0,1,0,0,0,0,0
5166365,31,1,0,6,2,0,1,259,0,1,0,0,0,0,0
5166425,31,1,0,6,2,0,1,259,0,1,0,0,0,0,0
5166485,31,1,0,6,2,0,1,259,0,1,0,0,0,0,0
5166545,31,1,0,6,2,0,1,259,0,1,0,0,0,0,0
5166605,31,1,0,6,2,0,1,259,0,1,0,0,0,0,0
5166665,31,1,0,6,2,0,1,259,0,1,0,0,0,0,0
5166725,31,1,0,6,2,0,1,259,0,1,0,0,0,0,0
5166785,31,1,0,6,2,0,1,259,0,1,0,0,0,0,0
5166845,31,1,0,6,2,0,1,259,0,1,0,0,0,0,0
5166905,31,1,0,6,2,0,1,259,0,1,0,0,0,0,0
5166965,31,1,0,6,2,0,1,259,0,1,0,0,0,0,0
5167025,31,1,0,6,2,0,1,259,0,1,0,0,0,0,0
5167085,31,1,0,6,2,0,1,259,0,1,0,0,0,0,0
5167145,31,1,0,6,2,0,1,259,0,1,0,0,0,0,0
5167205,31,1,0,6,2,0,1,259,0,1,0,0,0,0,0
5167265,31,1,0,6,2,0,1,259,0,1,0,0,0,0,0
5167325,31,1,0,6,2,0,1,259,0,1,0,0,0,0,0
5167385,31,1,0,6,2,0,1,259,0,1,0,0,0,0,0
5167445,31,1,0,6,2,0,1,259,0,1,0,0,0,0,0
5167505,31,1,0,6,2,0,1,259,0,1,0,0,0,0,0
5167565,31,1,0,6,2,0,1,259,0,1,0,0,0,0,0
5167625,31,1,0,6,2,0,1,259,0,1,0,0,0,0,0
5167685,31,1,0,6,2,0,1,259,0,1,0,0,0,0,0
5167745,31,1,0,6,2,0,1,259,0,1,0,0,0,0,0
5167805,31,1,0,6,2,0,1,259,0,1,0,0,0,0,0
5167865,31,1,0,6,2,0,1,259,0,1,0,0,0,0,0
5167925,31,1,0,6,2,0,1,259,0,1,0,0,0,0,0
5167985,31,1,0,6,2,0,1,259,0,1,0,0,0,0,0
5168045,31,1,0,6,2,0,1,259,0,1,0,0,0,0,0
5168105,31,1,0,6,2,0,1,259,0,1,0,0,0,0,0
5168165,31,1,0,6,2,0,1,259,0,1,0,0,0,0,0
5168225,31,1,0,6,2,0,1,259,0,1,0,0,0,0,0
5168285,31,1,0,6,2,0,1,259,0,1,0,0,0,0,0
5168345,31,1,0,6,2,0,1,259,0,1,0,0,0,0,0
5168405,31,1,0,6,2,0,1,259,0,1,0,0,0,0,0
5168465,31,1,0,6,2,0,1,259,0,1,0,0,0,0,0
5168525,31,1,0,6,2,0,1,259,0,1,0,0,0,0,0
5168585,31,1,0,6,2,0,1,259,0,1,0,0,0,0,0
5168645,31,1,0,6,2,0,1,259,0,1,0,0,0,0,0
5168705,31,1,0,6,2,0,1,259,0,1,0,0,0,0,0
5168765,31,1,0,6,2,0,1,259,0,1,0,0,0,0,0
5168825,31,1,0,6,2,0,1,259,0,1,0,0,0,0,0
5168885,31,1,0,6,2,0,1,259,0,1,0,0,0,0,0
5168945,31,1,0,6,2,0,1,259,0,1,0,0,0,0,0
5169005,31,1,0,6,2,0,1,259,0,1,0,0,0,0,0
5169065,31,1,0,6,2,0,1,259,0,1,0,0,0,0,0
5169125,31,1,0,6,2,0,1,259,0,1,0,0,0,0,0
5169185,31,1,0,6,2,0,1,259,0,1,0,0,0,0,0
5169245,31,1,0,6,2,0,1,259,0,1,0,0,0,0,0
5169305,31,1,0,6,2,0,1,259,0,1,0,0,0,0,0
5169365,31,1,0,6,2,0,1,259,0,1,0,0,0,0,0
5169425,31,1,0,6,2,0,1,259,0,1,0,0,0,0,0
5169485,31,1,0,6,2,0,1,259,0,1,0,0,0,0,0
5169545,31,1,0,6,2,0,1,259,0,1,0,0,0,0,0
5169605,31,1,0,6,2,0,1,259,0,1,0,0,0,0,0
5169665,31,1,0,6,2,0,1,259,0,1,0,0,0,0,0
5169725,31,1,0,6,2,0,1,259,0,1,0,0,0,0,0
5169785,31,1,0,6,2,0,1,259,0,1,0,0,0,0,0
5169845,31,1,0,6,2,0,1,259,0,1,0,0,0,0,0
5169905,31,1,0,6,2,0,1,259,0,1,0,0,0,0,0
5169965,31,1,0,6,2,0,1,259,0,1,0,0,0,0,0
5170025,31,1,0,6,2,0,1,259,0,1,0,0,0,0,0
5170085,31,1,0,6,2,0,1,259,0,1,0,0,0,0,0
5170145,31,1,0,6,2,0,1,259,0,1,0,0,0,0,0
5170205,31,1,0,6,2,0,1,259,0,1,0,0,0,0,0
5170265,31,1,0,6,2,0,1,259,0,1,0,0,0,0,0
5170325,31,1,0,6,2,0,1,259,0,1,0,0,0,0,0
5170385,31,1,0,6,2,0,1,259,0,1,0,0,0,0,0
5170445,31,1,0,6,2,0,1,259,0,1,0,0,0,0,0
5170505,31,1,0,6,2,0,1,259,0,1,0,0,0,0,0
5170565,31,1,0,6,2,0,1,259,0,1,0,0,0,0,0
5170625,31,1,0,6,2,0,1,259,0,1,0,0,0,0,0
5170685,31,1,0,6,2,0,1,259,0,1,0,0,0,0,0
5170745,31,1,0,6,2,0,1,259,0,1,0,0,0,0,0
5170805,31,1,0,6,2,0,1,259,0,1,0,0,0,0,0
5170865,31,1,0,6,2,0,1,259,0,1,0,0,0,0,0
5170925,31,1,0,6,2,0,1,259,0,1,0,0,0,0,0
5170985,31,1,0,6,2,0,1,259,0,1,0,0,0,0,0
5171045,31,1,0,6,2,0,1,259,0,1,0,0,0,0,0
5171105,31,1,0,6,2,0,1,259,0,1,0,0,0,0,0
5171165,31,1,0,6,2,0,1,259,0,1,0,0,0,0,0
5171225,31,1,0,6,2,0,1,259,0,1,0,0,0,0,0
5171285,31,1,0,6,2,0,1,259,0,1,0,0,0,0,0
5171345,31,1,0,6,2,0,1,259,0,1,0,0,0,0,0
5171405,31,1,0,6,2,0,1,259,0,1,0,0,0,0,0
5171465,31,1,0,6,2,0,1,259,0,1,0,0,0,0,0
5171525,31,1,0,6,2,0,1,259,0,1,0,0,0,0,0
5171585,31,1,0,6,2,0,1,259,0,1,0,0,0,0,0
5171645,31,1,0,6,2,0,1,259,0,1,0,0,0,0,0
5171705,31,1,0,6,2,0,1,259,0,1,0,0,0,0,0
5171765,31,1,0,6,2,0,1,259,0,1,0,0,0,0,0
5171825,31,1,0,6,2,0,1,259,0,1,0,0,0,0,0
5171885,31,1,0,6,2,0,1,259,0,1,0,0,0,0,0
5171945,31,1,0,6,2,0,1,259,0,1,0,0,0,0,0
5172005,31,1,0,6,2,0,1,259,0,1,0,0,0,0,0
5172065,31,1,0,6,2,0,1,259,0,1,0,0,0,0,0
5172125,31,1,0,6,2,0,1,259,0,1,0,0,0,0,0
5172185,31,1,0,6,2,0,1,259,0,1,0,0,0,0,0
5172245,31,1,0,6,2,0,1,259,0,1,0,0,0,0,0
5172305,31,1,0,6,2,0,1,259,0,1,0,0,0,0,0
5172365,31,1,0,6,2,0,1,259,0,1,0,0,0,0,0
5172425,31,1,0,6,2,0,1,259,0,1,0,0,0,0,0
5172485,31,1,0,6,2,0,1,259,0,1,0,0,0,0,0
5172545,31,1,0,6,2,0,1,259,0,1,0,0,0,0,0
5172605,31,1,0,6,2,0,1,259,0,1,0,0,0,0,0
5172665,31,1,0,6,2,0,1,259,0,1,0,0,0,0,0
5172725,31,1,0,6,2,0,1,259,0,1,0,0,0,0,0
5172785,31,1,0,6,2,0,1,259,0,1,0,0,0,0,0
5172845,31,1,0,6,2,0,1,259,0,1,0,0,0,0,0
5172905,32,0,0,0,0,0,0,260,0,0,0,0,0,0,0
