time,gpu0,gpu1,gpu2,gpu3,gpu4,gpu5,gpu6,gpu7
20428
7564
20668
8590
9145
11477
11717
11957
12305
21038
24936
28412
28652
14378
29666
14618
29906
15228
32989
16182
33865
17383
34585
17623
17863
34825
18271
18511
35065
20158
35774
36014
20398
36254
20638
37058
21008
38085
24936
28412
38413
28652
38653
28892
29666
38893
29906
0
31735
240
39248
537
32155
3036
33865
5201
34585
39588
5642
5882
34825
6668
35065
40098
6908
35774
7564
40338
36014
8590
8830
36254
9145
40684
11477
37058
11717
37464
40924
11957
38085
12305
14378
41731
38413
14618
38653
15228
42186
17383
38893
17623
39248
17863
43443
18103
39588
18343
40098
18583
44393
20188
40338
20578
44633
40578
20948
21488
40818
44873
22908
41491
24936
28412
41731
45413
28652
42487
29666
46204
29906
43443
32455
44393
33800
46513
34040
44662
34585
45202
46815
34951
35191
46204
35459
50209
46513
35774
36014
50449
46815
36254
37058
47651
52831
38085
48826
38413
49591
53493
38653
52806
38893
53861
53861
39248
56810
39588
56810
57050
40171
57290
40684
57050
40924
57610
41731
58194
57290
43443
59148
44662
57610
59527
45202
61390
45831
58194
46204
61639
46513
62991
59319
46815
63706
47083
65524
59559
53861
66346
56810
57050
68955
61390
57610
69195
58960
61671
70669
59527
71211
60410
62429
71590
61390
65144
62991
72540
65524
73035
66346
64667
74041
67987
74437
65524
69004
74701
70609
66346
75751
70849
78559
71211
68955
71451
79197
72540
79615
69195
73052
80765
75751
81005
70669
78559
81419
79615
80949
71211
81697
81189
81937
81429
71590
83813
81724
84488
82645
72540
84728
83813
84968
84616
74041
85370
84856
85096
74469
86095
86095
86694
87916
75751
87916
88378
89599
89599
78559
89839
89839
90245
90304
79197
90485
90544
90842
79615
91171
91171
91411
91753
80765
92236
92236
93917
81005
93810
94496
94496
95600
81419
95086
96350
95600
97359
81839
96350
97599
96590
99294
82207
97359
99534
99933
97599
83813
97839
105422
106771
99294
84541
107522
101762
107802
84781
103147
103911
108657
108897
85021
105422
105662
109385
106771
85322
109787
107011
110027
85562
107522
113510
107802
114881
86095
108443
115848
108848
86694
116430
112496
117089
114881
87916
118252
116274
121204
117089
89599
121515
118252
89839
121755
119183
122682
90304
119540
123089
121204
126015
90842
121601
126255
122184
126495
91171
122682
126735
122922
126975
91753
123223
127252
127252
128545
92236
127492
129467
127883
129938
93810
128545
131129
128785
131369
94496
129467
131609
129707
95086
135853
129947
136093
130506
95600
138158
131129
139920
131749
140734
96350
135853
140974
96590
136093
143993
136809
146017
97359
137492
147136
138158
148501
140734
97599
149598
141092
150834
97839
143993
151667
144850
151907
99294
146017
154814
148501
156080
101578
148866
156415
149106
101818
157469
149533
158464
149773
103911
159126
150834
159763
105422
151667
160923
105662
151907
162388
152384
163810
106220
153858
164729
154098
164969
106771
154814
165209
107011
155547
165455
156080
107522
166773
156415
169733
156655
107802
172135
157469
174528
158217
108443
177070
158464
108848
158792
177513
159126
180278
112365
159763
181955
160041
182195
114881
160281
184246
115121
160923
184677
162388
116274
184917
163649
186321
117089
163889
186569
164729
117730
164969
186954
118252
165209
187194
165449
119183
187434
165689
188448
119540
166703
166943
188724
121204
168558
189202
169733
121601
191067
169973
122184
172135
191976
173973
192559
122682
174528
193522
122922
174856
193762
177070
123223
177513
194291
127252
177911
195111
178151
127492
180278
195387
128545
181460
195627
128785
181955
196733
182195
129467
182435
199047
129707
182675
199477
184246
129947
184677
200117
130506
184917
200469
131129
186321
200709
131749
186617
201865
186954
135853
204413
187194
136093
187434
204653
136809
187780
204893
188163
138158
206612
188448
138398
206874
188724
140734
208297
141092
208703
189004
142790
189244
210404
143993
191067
144850
211584
146017
191976
211958
146927
192216
148501
192456
214998
148866
192696
149106
215238
193411
216860
193651
217527
194291
149598
194531
217791
150834
151667
195111
218031
151907
195423
218271
195663
218511
195903
219070
196143
152384
196383
154575
219690
154815
199047
219930
155548
199287
156080
221016
199527
221394
200117
222963
200469
223716
201792
156415
225003
202032
156655
202276
225584
157469
158217
202669
227079
204023
227319
204413
227702
204653
158464
232861
158792
204893
159126
235986
205487
159763
236535
160041
205786
239468
206612
240026
206874
244228
207601
160356
246271
207939
160923
247078
162388
208703
247515
163810
210404
247755
164560
249974
210910
164800
250692
165040
211584
165280
250932
165520
251789
211958
165886
252147
166773
212315
253317
167037
253557
213410
168173
258230
213650
169733
169973
259497
217527
172135
259780
172375
219786
262814
173973
174213
268276
174528
220026
174856
270102
177070
220266
177513
271169
177911
178418
221016
271881
180278
181460
272520
221326
181955
182195
272866
221566
182435
182690
274548
184246
222608
184677
275399
184917
222848
186321
275722
186617
186954
223088
275962
187194
187434
277532
223716
187760
188448
277983
188688
223965
188928
278223
189168
224830
189408
278463
191067
225070
279098
191976
192216
279689
192559
225584
192799
281350
193411
226261
193651
282768
194291
194531
227079
286217
195111
195423
286457
227319
195663
227559
195903
286697
227799
196175
196415
287176
228315
199047
231386
199287
293696
232861
200117
200357
295986
235756
200597
235996
296607
201865
236236
202105
236535
296966
202742
239468
204344
298650
204584
240026
204824
240296
301377
241097
205717
305414
243588
206311
244228
306046
206612
245212
306469
246271
206874
246511
208703
307186
247078
209499
247515
307639
210404
247755
247995
308387
211584
248432
211958
309120
250692
217527
250932
309360
219925
251272
309600
220799
253317
221039
253786
309928
221394
258230
310880
258773
221864
259497
311120
222963
259780
223716
311735
262726
262966
311975
264204
312215
223956
268276
313571
225003
270102
225584
270812
313811
271169
271881
318126
272520
272866
318366
273692
274548
318746
275399
275639
319277
226115
275879
320685
227079
276119
227319
320925
227702
276486
276856
321165
277096
322301
277532
324725
230413
278059
232861
234025
235477
278497
325084
235726
278884
235986
327219
279124
236226
279364
236535
237968
328594
279689
238270
281148
238510
331354
281946
239468
239708
332042
282768
240026
284504
241967
332666
242284
285896
242524
333183
286217
244228
246271
286457
336214
247078
286697
247515
337603
286937
247755
248326
287177
342232
250692
288468
250932
345506
291604
251172
253317
291952
258230
345746
293696
259497
295986
259780
346926
296607
262814
266747
347166
296966
268276
297252
270102
347406
298650
270630
299735
271169
349805
271458
300275
271881
301377
350133
272520
302047
272760
350373
302287
273000
304031
273744
350613
305414
273984
305766
274224
351488
274548
306046
275399
309081
351971
275722
309321
275962
310999
352609
277532
311239
311611
278059
355254
311993
278489
312233
312473
279098
318344
355494
318746
279689
320413
320685
282768
355879
320925
321165
283716
321755
356676
324725
285542
325084
286011
325422
325662
357312
286251
327219
328594
286580
331354
358291
332042
286820
332282
332666
287168
358531
333026
333266
287408
334362
336214
287748
358786
336490
288646
337603
337843
359026
290977
338083
340696
293696
342232
359361
342702
295986
345506
296607
345746
359601
346449
296966
346926
347166
297731
347406
360187
347646
298650
348113
349849
300254
360427
350281
350684
301137
350924
361577
352609
301377
353452
355194
301744
355434
361957
355879
305414
356201
357201
305915
357441
362197
359596
306155
359836
360308
306395
362550
361577
361957
306636
362197
362550
362790
308451
363492
363817
309256
364723
363070
365871
310999
367118
311993
367563
368068
365527
318344
371005
371923
318746
372410
365871
372654
319660
372935
374292
320685
374730
366168
375015
320925
375255
377368
321165
367118
377608
379052
323952
379292
324725
379532
367603
379772
380012
324965
380463
368991
381393
325205
382624
325498
382864
369231
383104
325738
383344
383584
327219
385397
370295
386052
328594
389751
331354
371005
390570
331945
390810
332185
371923
391050
391290
332666
391530
372410
333183
391770
392010
333681
392250
372650
393488
334972
393728
336214
396644
374730
397240
337603
397480
342232
397988
377368
398310
345506
402152
377608
345746
403261
403554
346457
406860
379052
346926
407119
407382
347166
407821
379292
408061
347406
408793
350281
409033
379532
409725
352609
409965
382624
355254
410535
410775
355879
411245
382864
357312
411805
359596
383104
412891
416687
360308
416927
389751
361577
417212
418183
361957
418574
390570
362197
419470
420034
362550
390810
420274
365871
423497
423801
391050
426789
429052
367118
432854
391444
434301
371005
434541
393488
434785
371923
435025
372410
435862
436285
374730
437025
393728
439495
377368
439950
377608
440847
397275
442149
379052
442845
443324
397988
379292
445072
446698
379532
403261
446999
382624
447239
447479
406860
382864
447848
448318
448703
383104
448943
407382
449183
449423
389751
449765
450005
407821
390570
450663
451730
456060
390810
456470
408793
456951
458534
391050
459488
460081
409033
460596
391444
460836
464320
464560
393488
410535
465063
465612
393728
465852
466207
410775
466778
397275
467215
467455
469595
397988
416687
472955
473496
403261
474106
474346
417212
475285
406860
475525
475819
476385
418574
407382
476625
477275
477942
407821
478364
419470
478604
408793
478844
479084
420034
479324
409033
480083
480323
480563
410535
420274
481335
481869
482384
410775
482687
423801
484741
416687
485291
485761
486169
417212
429052
488739
488990
489682
418574
490034
490393
434301
492411
419470
492651
492891
497002
434541
497287
420034
499533
502873
503958
420274
434842
505237
505822
507313
423801
508407
436285
508985
509225
429052
510238
514015
442149
514536
434301
517899
518139
520495
434541
443324
521748
521988
522366
434842
525708
445072
525948
526188
436285
528310
531876
446698
532432
442149
532852
533327
443324
447148
534555
534795
535035
444120
535275
448318
536688
536950
445072
537227
537467
448869
538443
446698
538737
539587
539845
449293
447148
541727
543380
543817
448318
544057
449533
547935
548175
448869
548877
551355
449915
552550
449293
553719
556578
557484
456060
449533
558239
558860
449915
456951
559307
559547
452191
560256
458534
452477
560904
458774
456060
561712
459014
456951
458534
460065
460081
460305
562981
464320
563221
460702
465063
465612
461835
466207
563735
462429
563975
466778
464320
469595
465063
472955
564215
465612
473496
466207
474106
466704
564608
475285
565472
476583
466944
566416
477510
468546
567135
477942
478364
567375
469595
478604
568018
478844
471734
479084
568787
480128
569027
472955
480368
570208
481799
473496
482039
570607
482384
570847
482624
474106
571747
483709
484061
572789
475285
484741
574359
485352
476583
575224
485761
487058
576964
477942
487719
578936
488739
478364
579345
488990
489321
580370
478604
489688
581347
490034
478844
490331
581730
492411
479084
582527
492651
495403
583760
480128
497002
585877
497287
480368
499533
586847
505822
587130
508407
481869
587370
508985
509225
482384
587610
510238
591068
514015
483274
591551
514536
592316
484339
517899
592720
518139
484741
593110
593350
593693
521748
594371
485761
595320
521988
596231
597093
597519
486287
522366
597770
598010
598326
599402
525867
488446
599651
528310
488739
599959
603177
603738
605507
531876
608342
488990
609039
610852
534631
612852
490034
536552
613529
614206
492411
536792
614446
538443
492651
615936
538737
616836
492891
617116
539550
496503
539790
619432
497002
540030
620110
497287
540306
497955
540546
620350
498204
541727
620590
498514
543380
499533
543817
620949
544057
622814
546314
548877
500256
623356
551355
500558
625351
552550
626621
553719
626912
627345
556578
500798
627713
557484
628977
501989
631104
558239
504248
631344
558860
632901
504565
634795
559307
635437
504805
559547
636522
505822
636793
560904
561712
638756
508407
562981
638996
563221
508985
640839
563735
644500
563975
509225
564215
644781
564608
510238
646019
566085
646306
567257
510607
647256
568018
513313
648741
568787
570208
649208
514015
570607
652868
570847
514536
653374
571747
654204
572202
517899
572789
654842
518139
573804
655117
574044
655588
521748
574284
657676
574524
521988
657916
575224
575464
660143
522366
576411
662537
576860
525867
662910
577100
528310
663182
577703
578025
664227
528888
578936
664527
579345
531876
664767
579792
665642
580032
534631
580370
666335
581347
536688
667218
581587
669100
538443
581827
671090
582527
538737
583760
676411
587322
677134
539587
591068
679569
591551
539845
593110
680420
593350
680690
540630
594371
681280
597519
541458
681520
597780
541727
685076
599959
542529
603177
685513
543380
603738
686003
686353
543620
605507
686957
543860
608342
689883
690123
544100
609039
691451
548877
610852
692238
551355
612852
692478
552550
614206
692951
553592
693379
617116
553832
693826
620520
556578
695456
625351
557484
695696
626621
558239
695936
626912
558860
696644
627345
559307
696884
559547
627713
560645
698158
628977
560904
699553
631104
561712
702259
631344
562981
702499
632901
563221
702739
634795
563540
702979
635437
563780
703219
564020
636522
564260
703873
636793
564608
704148
638756
565177
704388
638996
565720
704760
644781
566300
706082
647256
567257
567538
706322
648741
568018
706562
649208
568787
707015
649524
570208
707255
652453
570607
707717
652868
570847
571747
708241
655454
572789
708796
657676
574359
709082
657916
575224
710197
660143
576964
710590
661778
578936
710830
712074
662187
579345
712802
580370
662910
713070
713417
581347
663150
714215
714750
581730
664527
716311
582527
717210
666335
717650
583760
717890
667218
587322
718523
667848
591068
718763
719403
668248
591551
719705
668506
720264
593110
671090
720718
723622
593350
674663
725820
674903
594371
726060
727088
675422
727328
597519
727813
728314
676411
728554
729120
597780
677134
730821
731061
678694
731301
599959
731541
679569
731781
732021
680420
601861
733209
734391
680690
739418
603177
681280
741565
747012
603738
681520
747252
605507
748273
685076
749548
608342
750107
687790
608615
751156
689883
609039
751818
752946
610852
690123
753186
611138
753823
691451
612021
754718
692238
755264
612628
756028
692478
612868
756675
614206
692951
758321
758561
616799
693379
760046
617116
761063
695456
617356
762628
695696
763339
617597
763681
619335
695936
620520
763921
625351
764175
696644
626621
765542
626912
696884
767035
627345
627713
767552
698158
628977
768183
631104
768724
699553
631344
768964
632901
702259
769762
634795
635437
771396
702606
636522
772469
636793
775535
703109
638756
775807
638996
704282
777959
644781
778986
647256
704760
779914
648741
649208
782613
706082
652868
783402
657676
785450
706515
657916
785779
660143
707314
786019
662910
664527
786259
708241
666335
786660
667218
710590
786930
671090
788535
676411
713070
788775
677134
792034
679569
718523
792580
680420
792860
680690
718868
793410
681280
681520
719108
794312
685076
795447
719348
689883
796115
690123
796355
719705
691451
796860
692238
797692
719945
692478
798472
692951
720185
801434
693379
802752
695456
720425
695696
804737
695936
720718
808160
696644
810232
721669
696884
810943
698158
811183
723622
699553
811423
702259
723862
811936
702606
812657
724209
812897
703109
813137
725820
813377
704282
727088
814838
816365
704760
816605
727813
817898
728314
818681
706082
819279
728554
706515
819519
819759
730958
820130
708241
820370
731198
821676
710590
825826
733209
713070
828114
734391
830923
718523
833111
739418
835645
719705
837040
837685
740645
720718
838146
839247
741565
723622
839788
742266
840028
725820
841449
747012
841689
727088
747252
842135
843099
748273
727813
843517
844278
749332
728314
844525
749572
845438
728554
847210
749812
848204
730958
849148
750105
849388
731198
750345
850289
852337
751156
733209
853161
751818
853819
734391
855423
752946
855663
739418
856514
753186
860896
741565
753823
862655
747012
863426
754718
865178
747252
754958
866571
866922
755264
748273
867272
756028
870529
749548
870999
758321
871239
750107
873780
760046
874891
751156
875580
761063
876655
762628
878041
763339
763681
751818
878656
763921
878933
764175
752946
765542
768743
880521
753186
882396
771396
753823
884927
772469
885399
754718
886810
776886
887206
888441
777737
755264
888725
777996
891064
778236
894087
756028
894687
778476
895064
778986
900042
758321
901881
779914
904335
904666
780154
760046
904906
780624
907584
907937
781347
761063
908177
782228
909619
910190
782613
762628
911037
783258
913188
763339
915497
783498
915812
763681
785450
917287
917559
792034
763921
922980
792580
764175
923859
792860
927524
765542
929478
794312
930877
768743
795447
931332
932454
771396
796115
932694
772469
796355
932934
934788
778986
796860
935460
937547
797692
779914
937960
798472
782613
939859
940381
801434
783402
940687
802752
785450
941761
942308
804528
792034
942548
804768
792580
943235
944252
805499
792860
944492
805739
944732
794312
944972
808160
795447
946171
808413
949466
796115
810232
949832
796355
950072
810662
796860
950312
811250
797692
950818
798472
813304
951058
814838
801434
951638
816408
951878
802752
952862
817898
804737
953477
818681
954242
808160
954849
810232
820170
956706
959233
811250
821676
960658
813304
825826
961287
964016
814838
828114
964256
830923
816408
964496
965974
833111
817898
966214
835645
818681
966837
967077
837040
820170
967914
837685
968626
821676
968903
838146
825826
969298
839993
971872
828114
972803
843099
974104
830923
844278
974462
833111
976344
844525
976945
835645
844868
978296
837040
847210
981899
987034
837685
848204
989675
838146
989915
848670
992141
839993
848914
995064
843099
849154
995642
996367
849394
844278
997669
850231
844525
1001436
850471
1002202
847210
1003559
852337
847524
1005383
853161
1007514
848204
853819
1007762
1011437
849148
854059
1011677
849388
855423
1011917
855663
850289
1013335
1013575
856514
851816
1014139
860896
852337
1014379
862655
1015280
852730
1015622
863426
852970
1017641
864046
1017881
853210
865178
1018121
853450
1021577
865418
1021817
853819
866114
1022536
855423
866415
1022776
1024022
866655
855663
1024480
866922
856514
1024720
867272
1024992
859657
1025232
870529
860896
1025472
870999
1026524
861393
871239
1026764
862655
1027004
872291
1028061
862895
872633
1028967
1030708
863426
873018
1032047
873428
865178
1032353
873780
874891
1032593
866571
875580
1033209
876655
866922
1033511
878656
867272
1033751
878933
1033991
870529
880521
1034909
870999
1035149
882396
871239
1035389
884927
1035883
1036206
873780
885399
1036552
1037197
874380
886810
1037437
874891
887206
1037677
888056
875580
1041293
888441
876655
888714
878656
1041575
888954
878933
1042433
889668
890318
880521
890558
1042673
882396
891064
1044158
893345
884927
1044575
894087
1044815
1048772
885399
894687
1050112
895064
1050655
1050895
900042
886810
1052087
901881
1052327
1053111
904666
887206
1053384
904906
1054492
907249
1054732
888441
1055239
907831
1056038
908158
1056371
888725
908839
1057122
1057362
909514
1057602
891064
909754
1059553
1059793
910048
1060381
894087
910288
1060666
911037
1061084
1062009
911341
894687
1062292
913188
1062692
1063885
914230
895064
1064197
915474
1064626
915714
1065924
900042
1067208
915954
1067840
916194
1068344
901881
917287
1068584
1069328
917527
1069932
917767
904666
1070367
918526
1075987
1076233
918829
904906
1078338
920412
1079996
920962
1081314
908158
1082609
921354
1082888
922980
1083128
909619
923859
1083990
1085756
927524
1085996
929478
910190
1086474
930877
1088496
1089446
931332
911037
1089748
932454
1090140
913188
932694
1090946
915497
1091433
932934
1093701
934788
915812
1095465
935460
917287
1096408
1096648
935725
917559
1097607
936870
1098486
922980
937229
1098726
923859
937547
1099446
1101290
937960
927524
1102758
938200
929478
1103840
939859
941761
1104500
930877
942308
1104740
931332
942548
1104980
932454
1105220
943235
1105652
944252
932694
1105892
944492
932934
1106132
1108212
934788
944732
1108452
1109126
935460
1110575
944972
1110815
937547
1111104
1111344
946171
937960
1111668
939859
1111908
949466
1114251
941761
1116718
949832
942308
1119623
942548
1120166
950072
1120996
943235
1121418
951711
1122640
944252
1123241
1123861
954242
944492
1126157
944732
1130853
959233
1132169
944972
1132409
1133921
960658
946171
1134814
1141452
949466
961287
1143358
949832
1146059
1147871
964016
950072
1149022
1152428
951711
964256
1155101
954242
1155617
965974
1155874
959233
1156567
960658
1157672
966214
1157912
961287
1158461
966889
1159744
964016
1159984
964256
967914
1162342
1163921
965974
968626
1164486
966214
1165017
1165669
966889
968903
1166260
967914
1168330
969298
1169373
968626
1170493
971872
1170735
968903
1174422
969298
1175013
972803
1175608
971872
1175848
974104
1181540
972112
1182203
974462
1182443
972803
1182683
974104
976344
1184023
974462
976945
1184287
976344
1184638
976945
978296
1186181
978296
981899
1188348
980183
989675
980469
1188588
989915
1188828
981899
992141
1190119
989675
1190416
995064
989915
1190656
995642
1191250
992141
996367
1193530
997669
995064
1193804
1001436
1194113
995642
1002202
1194353
996367
1194593
1005383
1195367
997669
1007514
1195728
1007762
1001436
1197115
1011437
1002202
1197903
1011677
1005383
1201797
1011917
1005623
1013335
1202037
1007514
1013575
1007762
1202481
1014139
1009912
1203280
1014379
1010582
1205630
1208054
1011437
1015280
1208294
1011677
1208568
1018029
1209383
1011917
1210420
1021577
1210669
1012157
1021817
1211038
1212560
1013335
1024480
1213359
1013575
1024720
1218008
1014139
1218248
1025025
1219394
1014379
1220306
1222127
1025265
1015280
1224186
1224859
1015520
1025505
1229138
1230686
1016181
1231458
1026919
1017783
1232395
1238245
1018029
1239384
1028967
1239660
1018269
1239901
1030708
1241644
1018912
1242885
1243125
1021577
1033511
1243910
1245813
1021817
1246445
1035142
1023499
1246751
1246991
1024480
1035883
1247231
1247545
1024720
1248272
1037379
1025025
1249498
1249738
1025265
1250915
1042618
1025505
1251379
1251619
1026919
1044158
1252003
1253504
1028967
1254625
1044575
1030708
1254865
1044815
1257713
1033511
1258194
1048772
1035142
1259259
1050112
1259544
1035883
1050757
1260196
1260436
1037379
1052151
1260676
1053384
1042618
1262513
1262753
1054492
1044158
1263235
1054732
1263475
1044575
1264418
1055239
1265307
1044815
1056038
1266057
1048772
1056371
1267559
1267915
1050112
1059553
1268416
1060381
1268774
1050757
1269864
1062009
1052151
1270122
1063885
1053384
1065924
1270749
1054492
1067840
1271167
1054732
1069932
1055239
1271744
1070367
1271984
1056038
1075987
1272224
1056371
1076233
1272556
1273112
1078292
1059553
1276121
1078532
1279470
1060381
1079996
1280301
1062009
1280805
1082888
1281990
1063885
1085756
1283170
1085996
1065924
1285212
1285452
1088496
1067840
1285692
1089446
1286076
1069932
1090140
1286700
1070367
1286940
1096408
1287180
1075987
1096648
1287513
1076233
1288760
1097607
1289913
1098486
1079996
1291854
1098726
1294378
1082888
1099446
1301813
1085756
1302053
1101290
1302355
1085996
1103049
1303825
1088496
1304269
1104134
1304607
1104500
1089446
1306667
1104740
1090140
1307135
1105413
1307923
1096408
1308874
1105653
1096648
1309957
1105893
1310958
1097607
1107489
1311734
1098486
1108212
1314948
1317334
1108452
1318652
1098726
1109126
1318892
1320323
1099446
1111104
1321398
1111668
1101290
1321638
1111908
1322491
1104500
1322806
1114251
1323161
1104740
1116718
1323401
1119623
1105652
1325103
1120166
1120671
1325343
1105892
1325844
1120996
1108212
1329117
1121418
1108452
1331178
1122640
1109126
1336478
1123241
1337653
1111104
1338925
1123861
1340128
1111668
1125884
1341246
1342418
1126157
1111908
1344978
1349576
1126397
1114251
1350364
1130853
1351855
1116718
1352407
1132169
1352946
1119623
1132409
1354004
1120166
1355328
1132649
1355680
1133069
1120996
1356526
1133544
1357303
1121418
1358203
1133921
1358542
1122640
1134814
1359088
1359597
1137444
1123241
1360759
1137709
1361151
1123861
1137949
1362157
1126157
1362424
1139624
1362664
1130853
1140011
1363135
1363943
1141452
1132169
1371756
1143358
1373754
1132409
1375006
1146059
1375695
1147871
1133921
1376467
1380602
1149022
1134814
1383988
1150719
1141452
1152428
1384292
1143358
1384532
1155101
1385649
1146059
1389084
1392973
1147871
1155341
1395783
1149022
1396508
1155581
1397444
1152428
1399828
1155821
1400528
1155101
1402603
1403588
1155617
1156061
1404204
1155874
1405117
1156567
1405357
1156567
1405960
1157672
1157672
1406764
1407004
1157912
1407244
1157912
1407527
1158461
1410454
1158461
1411790
1159744
1412297
1159744
1159984
1421427
1421875
1159984
1162342
1422956
1162342
1163921
1424974
1163921
1426737
1427590
1164486
1164486
1429841
1165017
1430838
1165017
1165669
1432724
1433738
1166260
1165669
1434782
1167662
1435541
1166260
1168330
1436289
1438655
1169373
1168330
1439074
1170493
1440963
1169373
1441203
1170735
1441443
1170493
1172878
1446410
1173822
1446801
1170735
1447041
1174422
1174422
1447281
1174662
1448259
1174902
1175013
1450381
1452819
1175142
1175608
1453372
1175608
1453612
1175848
1175848
1453852
1454092
1181540
1176323
1455185
1181540
1455511
1182520
1457966
1182520
1458208
1186181
1186181
1458448
1459768
1190119
1190119
1467971
1469168
1195367
1195367
1470315
1470953
1197903
1197903
1475334
1480574
1199360
1201797
1480814
1481945
1200330
1205630
1482761
1200613
1484431
1208054
1200977
1484671
1485083
1201797
1208294
1485574
1205630
1209383
1486554
1205870
1488918
1210669
1206274
1491845
1207247
1218008
1494160
1495854
1208054
1220306
1496094
1496732
1222127
1208294
1498389
1208874
1224186
1498912
1209383
1224859
1499975
1503507
1229138
1209785
1230686
1503747
1210647
1506577
1231458
1210887
1506817
1232395
1211858
1507478
1511015
1213588
1235952
1511352
1218008
1512455
1220306
1236192
1513263
1222127
1516546
1238245
1224186
1523801
1238950
1224859
1524312
1226838
1525329
1228295
1239310
1528710
1228535
1529890
1229138
1239550
1530253
1230686
1239790
1532391
1231458
1533008
1240030
1232395
1534006
1238245
1241644
1534246
1239384
1242885
1537265
1239660
1539542
1245798
1239901
1540780
1241644
1246445
1542386
1242885
1246751
1246445
1544563
1247545
1246751
1545929
1546288
1249498
1247545
1547260
1249738
1249498
1548008
1250915
1249738
1548307
1548926
1251379
1250915
1550225
1251379
1251619
1550704
1251619
1252003
1551082
1252003
1253504
1551322
1253504
1551562
1254625
1254625
1551950
1254865
1254865
1552778
1257713
1553117
1257713
1259259
1553987
1259544
1259259
1556127
1262513
1558021
1259544
1558898
1262753
1262513
1559287
1263235
1559769
1262753
1266057
1562954
1267915
1563194
1263235
1566558
1268416
1265569
1568461
1271744
1570999
1266057
1273112
1576226
1267915
1579128
1276121
1579368
1279470
1268416
1579751
1579991
1271686
1280301
1580444
1271926
1582661
1281990
1583553
1273112
1584741
1283170
1273352
1586654
1287513
1587894
1289913
1273592
1291854
1590372
1273832
1294378
1274775
1591968
1303825
1593330
1275722
1594544
1602386
1276121
1304269
1604246
1276361
1605258
1304607
1605498
1277204
1605738
1306667
1277526
1607761
1279293
1308874
1279533
1309957
1609959
1280301
1310958
1616524
1281016
1311734
1639388
1659074
1281990
1314948
1659314
1283170
1671240
1317334
1287513
1671480
1672358
1318652
1289913
1672673
1672913
1291854
1318892
1676606
1676970
1294378
1321571
1677270
1685041
1322491
1303825
1685907
1322806
1691980
1304269
1696856
1323340
1704394
1706389
1304607
1325103
1707429
1325343
1707669
1306667
1707909
1325844
1708622
1308874
1709144
1329117
1710461
1309957
1331178
1710701
1717075
1310958
1334056
1718418
1718658
1311734
1334729
1719204
1723448
1314948
1723979
1336270
1724219
1317334
1724965
1726618
1336510
1318652
1727260
1727810
1337214
1318892
1728078
1337653
1729509
1321571
1737764
1338026
1738004
1322491
1338660
1738317
1739104
1322806
1338925
1740400
1740640
1340128
1323340
1742284
1743005
1340368
1325103
1743245
1743485
1340608
1325343
1752100
1340890
1752973
1754390
1325844
1341246
1755878
1756518
1342418
1329117
1756843
1344978
1759295
1331178
1762474
1349576
1793664
1336478
1795211
1350364
1795451
1337653
1795804
1351855
1805359
1338925
1352407
1805925
1824410
1340128
1352946
1824675
1830821
1354004
1841240
1341246
1844564
1355328
1844804
1342418
1845044
1356526
1845473
1344978
1847705
1358373
1849570
1850259
1362034
1348953
1850769
1851009
1362274
1851249
1349576
1854240
1362514
1854778
1350364
1855018
1363553
1855258
1855498
1363840
1351855
1861889
1863185
1364080
1863670
1352095
1863946
1370908
1864186
1865109
1352407
1371738
1869172
1869556
1371978
1352946
1872576
1877968
1372376
1880058
1354004
1880336
1881714
1372651
1885955
1892882
1355096
1897533
1373122
1897773
1912281
1912521
1373754
1355336
1917162
1939755
1375006
1939995
1941656
1356526
1947925
1375695
1959568
1967743
1361420
1376467
1967983
1974264
1976708
1380071
1361829
1977077
1979095
1380602
1989903
1995072
1380842
1997090
1362157
1997426
1997666
1381887
1998507
1999031
1382260
2012083
2012766
1362424
2013006
1383135
2014739
2015203
1362742
1383988
2015828
2021505
2023322
1385649
1363943
2039846
2040351
1386593
2054707
1367440
2054947
2056612
1389084
2058821
1367840
2059349
2060652
1392973
2064562
1368098
2065655
1395783
2066094
1396508
2066878
1397444
2067118
1399828
2069481
2078575
1400528
1371756
2089761
2090484
1402603
2093148
2094634
2094874
1403006
2095934
1373754
2096174
2096597
1403588
2096927
2102402
2104167
1404204
1374255
2104890
2105931
2110500
1404450
2135487
1374495
2136839
2137679
1404800
2147767
2149121
1375006
2166852
2167436
1405117
2168087
2169537
1375246
2169925
1405357
2184267
2184898
1375695
2185138
2193734
1405960
2193974
2194920
1376467
2195160
1406764
2195870
2196168
2199178
1407004
1380602
2199418
2199822
2200062
2201756
1407244
2203729
1381541
2204655
2205184
1407527
2207648
2208155
1383988
2208828
2209342
1408464
2209582
2210330
1385649
2210570
2211393
1410454
2211633
2221920
2222828
1387510
2229130
1411790
2231090
2231409
2231649
2237250
1389084
1412297
2242836
2243076
2244358
2246803
1392973
2251849
1421427
2255600
2255840
2259619
2259909
1421875
1395783
2260267
2317135
2343891
2361845
1422956
2362633
2362873
1396508
2364049
2366563
2368344
1424974
2376958
2379008
1397444
2379248
2380244
2381080
1426737
2381320
2381560
1399828
2381800
2382040
2382773
2383683
2385115
2412522
1427590
1400528
2418659
2420533
2422595
2429843
2431097
2432128
1402603
2433292
1429841
2433532
2433772
2436372
2436612
2436852
1403588
2437092
2437332
1430838
2437881
2455914
2456321
2457611
2457851
1432724
1404204
2465028
2466123
2466395
2476094
2476550
1433738
2477608
2479260
1405117
2480593
2480833
2487299
2487739
1439074
2488051
2489782
2491247
2491487
1405357
2493993
2494362
1440910
2494986
2500728
2500968
2509346
2509674
2510199
1405960
1441150
2515423
2515663
2518756
2528243
2534373
2534912
2539140
1441390
2541645
2544932
1406764
2545439
2547255
2549286
2552631
2553039
2555332
1444613
2557959
2559369
2615323
2617003
2617243
1407004
2626180
2626747
1446410
2628539
2633614
2643928
2645944
2646267
2667413
2667911
2668393
2668810
1407244
2669476
1446801
2669716
2670124
2673860
2674826
2677271
2677866
2678776
2681379
2683232
2683511
2684440
2685483
1447041
2686498
1407527
2693474
2714476
2725269
2735074
2736569
2786685
2794377
2830903
2849308
2864857
2898012
2905717
2933844
1447281
1410454
1448259
1411790
1452819
1412297
1453583
1418588
1453823
1454281
1421427
1455134
1421875
1455511
1422956
1458208
1424974
1458448
1458723
1426737
1459768
1427590
1460098
1429841
1461697
1430838
1463120
1432724
1463360
1467971
1433738
1469168
1439074
1470315
1440963
1470555
1470953
1441203
1471805
1441443
1472920
1473534
1446410
1474778
1475334
1446801
1475574
1476111
1447041
1480574
1447281
1480814
1481945
1482761
1448259
1484431
1484671
1452819
1485083
1453583
1485574
1455511
1486554
1458208
1488918
1489894
1458448
1490429
1459768
1491845
1467971
1492085
1492984
1469168
1493424
1470315
1493664
1470953
1494160
1494467
1475334
1495854
1480574
1496094
1480814
1496732
1498389
1481945
1498912
1482761
1499975
1501530
1484431
1502391
1503507
1503747
1484671
1506577
1485083
1506817
1485574
1507478
1511015
1486554
1511352
1488918
1512455
1489356
1513263
1489596
1516546
1523801
1489836
1524312
1525329
1490327
1528710
1490567
1529890
1490807
1530253
1491845
1532391
1533008
1492085
1534006
1494093
1534246
1494333
1540780
1494631
1542386
1495854
1546288
1551483
1496094
1551950
1496732
1553117
1498389
1553987
1498912
1556127
1499975
1558898
1559287
1503507
1559769
1503747
1593070
1506577
1598117
1506817
1599909
1507478
1601610
1602170
1511015
1511255
1602553
1511495
1602793
1512455
1627687
1512876
1627927
1670480
1513263
1672289
1516546
1677423
1519942
1520264
1680537
1520557
1681054
1523801
1524312
1681685
1525229
1682248
1525469
1528710
1682488
1529890
1683264
1530253
1684526
1532391
1688566
1533008
1688806
1689046
1534006
1689447
1534246
1689717
1540780
1691322
1691562
1542386
1696197
1546288
1784608
1784848
1547157
1785601
1548008
1786322
1548267
1786562
1548745
1786802
1790030
1550649
1792944
1551483
1793184
1551950
1793424
1793795
1553117
1807122
1553987
1807663
1554401
1809324
1809564
1554871
1810010
1555594
1811392
1812912
1556127
1813395
1558898
1891585
1559287
1894834
1895187
1559769
1909411
1619115
1909717
1620145
1922819
1620252
1641282
1923059
1923565
1642253
1642417
1923805
1645091
1924385
1647340
1924625
1773548
1927215
1777350
1928199
1777594
1778911
1932888
1782544
1936225
1792531
1990525
1793883
1794579
1998094
1794880
2000435
1794969
2000675
1800605
2001684
1800947
2022241
2030272
1801332
2032291
1801742
2032531
1816370
2032771
2037210
1817028
2038638
1817982
2046878
2047848
1818632
2049380
1818872
2049620
1821659
2050917
1835563
2056011
1836145
2056317
1837153
2056557
1837828
2057645
2058539
1838362
2059661
1839655
2062158
2062447
1842544
2063264
1843788
2079186
2079426
1844103
2080017
1844343
2080447
1844583
2083678
2084018
1845460
2084991
1846459
2086357
2087420
1846762
2116840
1848345
2117080
2117326
1848895
2119544
1849287
2120305
2120709
1863658
2120949
2083142
2121926
2122326
2083501
2123831
2084444
2124260
2126842
2224536
2127978
2224776
2128218
2128962
2249293
2241837
2250378
2244702
2246049
2251657
2246514
2247503
2253733
2261680
2266915
2264605
2265675
2272128
2266227
2272481
2268573
2270272
2278879
2277862
2279299
2278829
2279774
2279800
2280040
2283674
2280280
2283939
2280960
2285239
2284072
2285489
2285747
2348237
2348477
2286134
2354382
2296842
2354646
2351946
2352096
2358741
2362568
2364177
2362864
2366087
2369393
2367675
2370337
2367915
2368509
2371056
2370789
2371296
2371063
2371372
2372717
2371612
2395754
2371852
2385189
2396724
2386544
2397007
2386988
2397371
2387787
2423353
2390083
2865852
2390357
2866173
2402603
2867042
2403221
2868581
2404743
2869569
2405542
2870431
2453721
2454867
2870795
2462047
2462832
2872380
2464735
2465912
2887626
2466152
2887849
2467193
2477115
2993370
2479135
2994043
2479436
2995584
2495669
2996528
2498407
2499350
2997340
2499805
2997974
2500239
2501454
2999619
2502057
2999859
2502315
3000141
2502942
3017624
2503360
3021285
2504213
2517958
3022804
2534452
3023091
2534784
3030159
2614937
2615222
3030989
2615706
3031627
2616264
2616527
3031902
2616767
3032373
2618678
2619344
2637030
3039322
2637270
3039967
2637572
3041012
3041385
2697845
3042260
2698633
3045718
3062131
2711033
3063575
2712108
3063925
2712348
3067589
3100035
2713871
3103738
2746390
3112871
2748013
3113329
2748913
3114182
2749252
2749798
3117488
2750307
3117763
2751469
2751861
3119146
2753228
2753699
3120736
2940621
2940861
3122159
2970315
3122297
3129296
2971074
3130546
2971822
3131661
2974188
3132275
2985914
2988905
3133519
2989242
3134266
2989482
2990575
3134859
2993499
3072650
3148642
3074927
3079948
3081314
3149177
3082645
3150738
3083393
3151637
3152077
3083692
3084311
3152253
3153056
3098339
3160119
3098818
3160980
3099196
3251659
3256706
3099436
3258498
3100892
3260199
3106135
3106554
3260759
3261142
3106794
3261323
3110158
3286217
3112061
3119113
3286457
3124340
3340215
3127242
3342024
3127482
3128071
3347158
3128764
3350272
3130254
3132471
3350789
3133363
3351420
3134551
3351961
3153019
3352999
3154259
3358772
3156737
3359044
3158333
3361196
3461278
3159695
3461361
3160909
3461601
3168751
3462002
3205753
3462272
3206765
3221050
3463877
3221290
3464005
3223313
3225511
3468640
3232076
3579565
3260581
3579632
3328870
3580385
3329110
3354837
3581106
3355077
3581234
3355955
3581430
3356270
3584658
3356510
3587572
3360203
3587641
3360567
3587720
3360867
3588091
3375345
3376211
3607208
3397946
3402822
3607749
3414226
3609410
3609650
3416221
3610096
3417261
3418568
3611478
3446071
3450225
3613399
3460375
3705460
3460869
3783650
3462363
3462603
3786899
3466324
3787252
3467865
3829829
3468105
3830135
3468345
3843237
3468605
3843477
3470140
3843983
3470380
3844223
3472949
3474682
3844803
3475350
3476013
3845043
3476271
3477702
3847633
3484805
3848617
3485045
3853306
3487487
3488341
3879272
3919069
3492433
3967581
3492673
3976703
3494384
3978957
3495269
3495683
3979114
3506848
3515880
4000766
3516932
3520128
3525160
4029354
3525765
4235993
3526157
3574411
4236233
3577092
3578639
4236473
3578879
3579232
3609433
4238012
4241252
3609999
3628484
4242749
3628749
4252204
3634589
3645328
4253093
3648652
3648892
3653592
4254687
3654021
4254793
3656253
4256042
3658719
3663753
4261383
3664263
3664503
4261678
3665927
4261820
3668918
3669456
4262714
3669733
3677391
4262954
3677631
4263872
3685472
3716355
4266471
3716595
4266774
3717166
3717495
4267660
3726125
4282072
4282663
3727048
3731111
4283093
4286324
3731495
3739907
3753286
4286664
3755376
4287637
3755654
3757032
3792480
4289003
3853201
4290066
3858398
3858638
4319486
3858878
3898702
3908790
4319726
3919962
3920202
4319972
3921686
3970189
4322190
3978364
3978604
4322951
3984885
4323355
3987329
3987698
4323595
3989716
4135655
4140824
4142842
4324572
4143178
4143418
4324972
4144259
4144783
4326477
4157835
4158518
4326906
4158758
4160491
4329488
4160955
4161580
4330624
4167257
4169074
4194888
4330687
4195393
4331431
4444306
4200459
4200699
4202364
4204573
4447171
4205101
4206404
4448518
4210314
4448983
4211407
4211846
4212630
4449972
4212870
4215233
4550706
4224327
4240386
4241109
4553631
4243773
4244803
4554701
4245043
4246103
4555253
4246343
4246766
4557599
4247096
4559298
4253027
4254314
4255037
4566888
4256078
4260669
4285632
4567855
4568826
4286984
4287824
4568887
4298352
4299706
4316997
4569027
4317581
4569707
4318672
4320122
4320510
4573986
4350408
4351039
4351279
4357793
4574236
4358033
4647488
4358979
4359219
4647635
4359875
4360115
4653540
4360355
4360759
4653804
4362693
4363188
4366087
4665245
4366360
4669072
4366889
4372883
4373390
4374063
4669368
4374577
4374817
4677895
4375565
4376628
4387978
4388218
4679483
4413554
4414462
4432185
4434145
4434464
4679697
4434704
4440305
4445891
4446131
4680291
4447413
4682571
4449858
4520190
4682845
4535525
4535765
4539544
4683154
4539834
4683316
4540192
4683510
4641770
4680863
4691198
4697087
4691986
4692226
4711779
4693402
4706311
4708092
4721105
4716673
4723155
4717117
4723395
4724391
4725227
4717916
4725467
4780822
4781062
4781302
4732732
4782035
4782945
4733006
4784377
4832554
4838691
4796370
4840565
4842627
4849875
4851129
4796988
4852160
4899064
4899304
4798510
4899544
4902144
4799309
4902384
4902642
4933382
4855814
4933622
4934171
4952204
4856960
4952611
4953901
4897762
4954141
4975280
4976375
4898547
4976647
5004385
5005996
4900450
5063960
5152868
5154660
4901627
5156171
5156411
5161536
5162067
4901755
5162406
5163871
5164111
4902796
5164351
5166951
4912718
5167289
5167986
4914738
5174006
4915039
5174246
5182169
5182429
4935408
5182979
5188010
5188250
4938146
5191493
4939089
5200465
5207498
5208056
5211928
5214769
5218731
4939978
5219281
5221340
5223454
5227191
5227659
5229476
4942230
5232230
5233689
5247249
4943445
5248997
5249237
5260966
5261415
5296207
5301528
5314734
5315057
5383266
5383764
5384246
5384663
5385329
5385569
5385977
4959949
5389713
5390679
5393124
5393719
5394629
5397232
5399085
5399364
5400293
5401336
5402351
5409327
4977779
5421593
5432386
5452422
5499986
5547112
5609735
5629970
5721075
5732911
5766066
4978046
4978765
4979218
4980246
5092582
5092914
5255975
5256260
5256744
5257302
5257565
5257805
5259716
5260382
5278068
5278257
5278559
5581608
5582396
5594796
5595871
5595968
5597491
5630010
5631633
5632533
5632872
5633418
5633927
5635089
5635481
5636848
5637319
5853935
5854116
6019809
6020568
6021316
6023682
6035408
6038399
6038736
6038976
6040069
6042993
6122144
6124421
6129442
6130808
6132139
6132887
6133186
6133805
6147833
6148312
6148690
6148779
6150235
6155478
6168456
6168591
6171955
6173858
6192051
6197278
6200180
6200330
6200919
6201612
6225867
6228084
6228976
6230164
6316663
6317903
6320381
6321977
6323339
6324553
6332395
6369397
6370409
6424225
6424345
6426368
6428566
6435131
6663430
6731719
6731801
6757528
6757655
6758533
6758848
6758856
6762549
6762913
6763213
6777691
6778557
6800292
6805168
6816572
6818567
6819607
6820914
6848417
6852571
6868670
6869164
6870658
6870770
6876465
6878006
6878055
6878555
6883159
6884694
6884767
6991479
6993212
6993880
6994543
6994801
6996232
7003335
7003405
7005847
7006701
7010793
7011012
7012723
7013608
7014022
7025187
7034219
7035271
7038467
7043499
7044104
7044496
7092750
7127772
7129319
7129465
7129818
7185175
7185741
7204226
7204491
7220574
7234406
7237730
7237970
7259462
7264162
7264591
7266823
7269289
7274323
7274833
7275073
7292097
7461942
7465187
7465835
7466089
7474773
7474974
7481979
7482939
7483307
7492269
7493149
7497053
7497473
7504805
7512972
7517852
7519942
7520220
7521598
7557046
7900221
7905418
7905636
7905876
7945700
7955788
7966960
7967056
7968540
8017043
8025218
8025293
8031574
8034018
8034387
8036405
8241577
8246746
8248764
8249100
8249335
8250176
8250700
8263752
8264435
8264611
8266344
8266808
8267433
8273110
8274927
8306312
8306817
8356227
8356458
8358123
8360332
8360860
8362163
8366073
8367166
8367605
8368389
8368575
8370938
8380032
8396091
8396814
8399478
8408732
8408857
8409917
8410157
8410580
8410910
8418069
8424483
8463825
8464654
8465639
8495583
8496935
8497775
8526948
8528302
8547268
8547852
8588064
8589514
8589902
8619800
8620431
8620588
8629184
8629299
8630245
8630485
8631195
8631493
8634503
8634555
8634959
8636893
8640560
8643459
8650255
8650784
8697449
8697956
8698629
8699143
8699383
8700131
8701194
8712544
8712665
8756632
8757540
8878603
8880563
8880882
8881008
8886609
8892195
8892252
8893534
8895979
8966311
9126984
9127102
9130881
9131171
9131529
9233107
9282535
9606057
9606845
9606985
9608161
9621070
9622851
9635864
9637914
9638135
9639131
9639967
9640033
9695388
9695566
9695615
9696348
9697258
9698690
9746867
9753004
9754878
9756940
9764188
9765442
9766473
9813377
9813617
9813857
9816457
9816697
9816955
9847695
9847935
9848484
9866517
9866924
9868214
9868454
9889593
9890688
9890960
9978273
10167913
10169389
10319070
10320862
10322373
10322470
10327595
10328126
10328465
10329930
10330170
10330410
10333010
10333348
10334045
10340065
10340176
10348099
10348359
10348909
10353940
10354049
10357292
10366264
10373297
10373855
10377727
10380568
10384530
10385080
10387139
10389253
10392990
10393458
10395275
10398029
10399488
10462006
10463754
10463880
10475609
10476058
10636236
10641557
10654763
10655086
10723295
10723793
10724275
10724692
10725358
10725535
10725943
10729679
10730645
10733090
10733685
10734595
10737198
10739051
10739330
10740259
10741302
10742317
10749293
10792388
10885822
10896215
10966767
11096751
11159374
11270714
11373655
11463834
