time,cpu0,cpu1,cpu2,cpu3,cpu4,cpu5,cpu6,cpu7,cpu8,cpu9,cpu10,cpu11,cpu12,cpu13,cpu14,cpu15,cpu16,cpu17,cpu18,cpu19,cpu20,cpu21,cpu22,cpu23,cpu24,cpu25,cpu26,cpu27,cpu28,cpu29,cpu30,cpu31,cpu32,cpu33,cpu34,cpu35,cpu36,cpu37,cpu38,cpu39,cpu40,cpu41,cpu42,cpu43,cpu44,cpu45,cpu46,cpu47,cpu48,cpu49,cpu50,cpu51,cpu52,cpu53,cpu54,cpu55,cpu56,cpu57,cpu58,cpu59,cpu60,cpu61,cpu62,cpu63,cpu64,cpu65,cpu66,cpu67,cpu68,cpu69,cpu70,cpu71,cpu72,cpu73,cpu74,cpu75,cpu76,cpu77,cpu78,cpu79,cpu80,cpu81,cpu82,cpu83,cpu84,cpu85,cpu86,cpu87,cpu88,cpu89,cpu90,cpu91,cpu92,cpu93,cpu94,cpu95,cpu96,cpu97,cpu98,cpu99,cpu100,cpu101,cpu102,cpu103,cpu104,cpu105,cpu106,cpu107,cpu108,cpu109,cpu110,cpu111,cpu112,cpu113,cpu114,cpu115,cpu116,cpu117,cpu118,cpu119,cpu120,cpu121,cpu122,cpu123,cpu124,cpu125,cpu126,cpu127
3793
3853
3979
4178
4238
4985
5045
5105
5199
5858
6080
6140
6200
6260
6320
6380
6440
6500
6639
6699
6759
6819
6879
6939
6999
7107
7167
7227
7287
7347
7407
7467
7527
7587
7647
7707
7767
7827
7991
8051
8111
8171
8263
8658
8739
8808
8871
8941
9001
9061
9125
9185
9245
9305
9365
9449
9509
9569
9629
9689
9749
9809
9869
9929
9989
10049
10109
10169
10229
10289
10349
10422
10482
10542
10602
10662
10722
10782
10842
10902
10962
11022
11082
11142
11202
11262
11322
11382
11442
11502
11578
11663
11822
11946
12006
12066
12126
12186
12246
12306
12366
12426
12486
12546
12606
12666
12726
12786
12846
12906
12966
13026
13086
13146
13206
13266
13326
13386
13446
13506
13566
13626
13686
13746
13806
13866
13926
13986
14046
14106
14166
14226
14286
14346
14406
14466
14526
14586
14646
14706
14766
14826
14886
14946
15006
15066
15126
15186
15261
15321
15381
15441
15501
15561
15621
15861
15921
15981
16041
16101
16161
16221
16281
16341
16401
16461
16521
16581
16641
16701
16770
16830
16890
16950
17010
17070
17130
17190
17250
17310
17370
17430
17490
17550
17803
17863
17923
17983
18043
18103
18163
18403
18463
18523
18984
19143
19267
19447
19567
19627
19776
19867
19927
20047
20167
20407
20527
20587
20647
20707
21011
21431
21491
21971
22091
22391
22451
23726
24719
24969
27520
27580
27640
28426
29046
30468
30772
31585
32198
33645
34166
34489
35202
35262
35322
35382
35442
35502
35562
35622
35682
35785
35939
35999
36059
36146
36206
36306
36366
36426
36486
36546
36606
36761
36937
37037
37097
37157
37256
37316
37772
37832
37927
37987
38047
38107
38167
38227
38309
38382
38457
38517
38577
38637
38697
38757
38817
38877
38937
39093
39153
39213
39273
39333
39408
39468
39535
39595
39655
39715
39893
40138
40594
40688
40854
40934
40994
41055
41283
41413
41477
41711
41771
41831
41891
42061
42121
42181
42241
42308
42651
42978
43099
43159
43219
43549
43708
43768
43842
44176
47093
47210
47277
47337
48353
48413
48473
48537
49664
49862
49959
50364
50424
50484
50544
50651
50711
51059
51422
51482
51542
51602
51766
51840
51900
51978
52038
52098
52158
52218
52278
52338
53155
53300
53499
53559
53619
54132
54681
54741
54801
54861
54921
55035
55095
55155
55215
55353
55413
55473
55533
55593
55653
55881
55984
56214
56274
56561
56621
56814
56874
56934
57447
57614
57674
57778
57869
58078
58138
58198
58294
58354
58428
58488
58548
58618
58687
58747
58807
58867
58965
59031
59105
59165
59303
59363
59423
59483
59543
59603
59663
59723
59783
59843
59946
60006
60066
60126
60310
60370
60565
60764
60824
60884
60944
61184
61393
61453
61513
61631
61691
61751
61811
61871
61931
61991
62051
62111
62171
62231
62291
62351
62738
62978
63158
63261
63321
63381
63441
63625
63685
63948
64879
64939
65010
65070
65130
65190
65250
65310
65370
65430
65490
65550
65610
65670
65730
65790
65850
65910
66012
66072
66132
66230
66688
66928
67108
67211
67271
67331
67391
67575
67635
67695
69296
69835
72183
72361
76865
78713
79526
79590
80124
80293
80353
80508
80568
80663
80795
80855
80915
80975
81036
81096
81156
81216
81295
81696
82273
82368
82428
82488
82849
83036
83096
83156
83216
83276
83336
83396
83456
83516
83576
83681
83741
83801
83861
83921
83981
84041
84101
84161
84221
84281
84341
84401
84461
84521
84581
84647
84707
84767
84827
84887
84947
85007
85067
85127
85187
85247
85307
85388
85448
85508
85934
86486
86714
86855
86936
86996
87246
87306
87366
87426
87486
87546
87606
87666
87731
87833
88082
88142
88202
88262
88322
88455
88515
88635
88695
88755
88815
88875
88986
89074
89134
89383
91366
93197
93257
93336
94405
94713
94773
95220
95951
99874
100161
100221
100281
100341
100401
100461
100521
100581
100641
100701
100761
100821
100881
100941
101001
101061
101131
101216
101276
101336
101396
101456
101516
101576
101636
101713
101773
101833
101893
101953
102065
102206
102266
102362
102422
102753
102813
102990
103050
103256
103320
103380
103440
103500
103560
103620
103680
103740
103800
103860
103920
103980
104040
104103
104192
104252
104312
104372
104432
104492
104552
104612
104672
104732
104792
104852
104912
104972
105032
105092
105152
105212
105272
105332
105392
105521
105581
105677
105737
105797
106068
106128
106188
106272
106332
106392
106571
106635
106695
106755
106815
106875
106935
106995
107115
107175
107295
107355
107415
107475
107535
107595
107655
107715
107775
107835
107895
107955
108015
108075
108206
108266
108326
108386
108446
108506
108566
108626
108686
108781
108841
108901
108978
109038
109098
109158
109218
109278
109386
109446
109506
109566
109626
109686
109746
109806
109866
109979
110074
110134
110311
110371
110480
110571
110631
110691
110751
110811
110871
110931
110991
111051
111121
111181
111301
111361
111421
111481
111541
111601
111661
111813
111873
111933
112001
112061
112297
112357
112417
112537
112597
112657
112765
112945
113005
113065
113125
113238
113453
114620
114680
115100
115340
115531
115951
116354
116414
116474
116543
116771
116951
117071
117131
117244
120535
122898
125857
125917
126116
126478
126609
126799
129124
129235
129295
129355
129415
129475
129562
129622
129682
129742
129943
130003
130063
130123
130183
130243
130363
130423
130483
130543
130638
130698
130758
130818
130880
130940
131000
131060
131120
131180
131343
131446
131646
131779
131949
132018
132078
132138
132198
132258
132318
132378
132438
132501
132561
132621
132727
132787
132847
133026
133086
133146
133206
133266
133326
133396
133456
133516
133576
133638
133698
133780
134002
134062
134122
134271
134698
134758
134962
136022
136082
136142
136202
136262
136372
136432
136532
136592
136669
136729
136789
136849
136909
136969
137029
137089
137149
137209
137269
137329
137438
137513
137573
137633
137693
137753
137813
137873
137986
138046
138129
138248
138308
138368
138428
138512
138572
138632
138692
138752
138812
138872
138932
138992
139159
139225
139337
139397
139511
139571
139631
139691
139751
139847
139907
139967
140027
140087
140147
140207
140267
140327
140387
140447
140518
140578
140638
140698
140758
140818
140878
140938
140998
141058
141118
141178
141238
141298
141358
141418
141563
141623
141683
141743
141803
141863
141923
141983
142043
142103
142163
142251
142418
142484
142544
142617
142712
142826
143006
143156
143282
143343
143403
143463
143523
143583
143643
143703
143763
143823
143883
143943
144003
144063
144123
144183
144243
144303
144363
144423
144483
144543
144603
144663
144733
144793
144853
144913
144973
145033
145093
145153
145213
145307
145367
145427
145487
145569
145629
145689
145749
145809
145869
145929
145989
146049
146137
146257
146415
146475
146535
146662
146776
146902
146962
147022
147138
147198
147258
147318
147468
147588
147648
147839
148139
148199
148259
148379
148439
148619
148739
148799
148954
149030
149364
149424
149484
149658
149882
149962
150302
150421
150668
150908
151088
151148
151208
151268
151568
152592
152652
152712
153073
153321
153810
154132
154324
154392
154641
154841
155060
155425
155485
155545
155630
155713
155851
155911
155971
156055
156115
156210
156332
156428
156636
156776
156836
156901
156961
157021
157081
157141
157400
157460
157639
157707
157767
157827
157887
157956
158044
158104
158164
158224
158453
158713
158773
158833
158893
158953
159013
159226
159286
159346
159406
159582
159642
159702
159857
159917
159977
160160
160224
160284
160344
160404
160524
160586
160659
160791
160856
160916
161026
161086
161146
161303
161363
161423
161483
161589
161657
161717
161906
162106
162166
162226
162328
162388
162661
162721
162781
162841
162901
162961
163189
163249
163309
163539
163599
163659
163719
164025
164166
164226
164286
164346
164406
164560
164665
164725
164785
164845
165032
165092
165152
165212
165272
165332
165392
165468
165528
165588
165648
165708
165768
165828
165889
165949
166009
166069
166129
166189
166249
166309
166369
166429
166489
166549
166609
166669
166729
166789
166849
167081
167142
167238
167298
167358
167418
167478
167538
167598
167658
167718
167778
167838
167898
168040
168100
168160
168220
168280
168411
168471
169017
169653
169838
169905
169965
170054
170114
170174
170234
170294
170454
170514
170925
171115
171175
171235
171295
171491
171580
171640
171825
171990
172050
172110
172170
172230
172599
172659
172773
172833
172893
172953
173097
173157
173230
173290
180444
180565
180625
180685
181627
181687
181747
182304
182414
182729
183063
183123
183428
183566
183864
184454
184514
184574
184982
185083
185266
185326
185708
185803
186004
186064
186186
186672
186738
186798
186899
186959
187019
187079
187430
187817
187901
188243
188303
188386
188586
188647
189125
189757
189837
190429
191261
191818
191984
192128
192897
192957
193017
193153
193275
193564
193624
193684
197544
199169
199620
199680
199870
199930
199990
200050
200110
200202
200262
200322
200382
200442
200502
200562
200622
200682
200742
200802
200862
200922
200982
201042
201112
201172
201232
201292
201352
201412
201472
201532
201592
201652
201712
201772
201832
201935
201995
202055
202115
202175
202235
202295
202355
202415
202481
202541
202601
202661
202721
202781
202866
202926
202986
203046
203106
203166
203226
203286
203435
204541
206166
206472
210436
211475
211535
211599
211716
212755
213203
213371
213758
213818
213878
213938
214029
214948
215036
215222
215282
219493
220338
220398
220458
220613
221114
221215
221275
221442
222752
226702
236009
236609
241011
241696
241969
242029
242089
242149
242209
242269
242329
242389
242449
242509
242569
242629
242689
242749
242973
243065
243125
243185
243245
243305
243478
243538
243598
243658
243750
243810
243870
243930
243990
244050
244140
244200
244260
244320
244380
244440
244500
244570
244630
244851
244971
245087
245147
245207
245284
245344
245404
245464
245524
245584
245644
245704
245764
245824
245884
245944
246004
246064
246244
246304
246380
246440
246500
246560
246620
246793
246853
246913
247065
247125
247185
247245
247305
247365
247425
247485
247545
247605
247665
247725
247829
248110
248230
248346
248406
248466
248603
249234
249294
249354
249414
249530
249590
249650
249710
249770
249830
249890
249950
250010
250070
250294
250386
250446
250506
250566
250626
250686
250799
250859
250919
251071
251131
251191
251251
251311
251371
251431
251491
251551
251611
251671
251731
251835
252116
252236
252352
252412
252472
252573
252633
253329
253509
257021
260271
260331
264230
268080
269222
269282
269342
269632
270288
270705
270765
270947
271007
271067
271127
271220
271280
271340
271400
271467
271589
271649
271709
271769
271955
272015
272075
272135
272195
272255
272315
272412
272472
272532
272592
272652
272712
272774
272834
272894
272954
273014
273074
273139
273199
273259
273405
273465
273624
273917
273977
274037
274113
274173
274247
274701
274793
275056
275670
276487
276547
276607
291520
291580
291640
291789
291979
292207
292267
292337
292757
292836
293023
293159
293438
293543
293603
293663
299949
300011
300071
300131
300191
319220
319860
329083
330708
330784
331720
331986
334242
334302
334362
334874
335015
335075
335245
336220
337845
338089
339195
346239
349489
349549
353171
353448
353885
354673
355315
355375
355435
355495
355555
355624
355691
355751
355840
355983
356043
356232
356425
356485
356599
356823
356883
357034
357094
357566
357626
357727
357955
358015
358075
358408
358574
358634
358694
358754
358814
358874
358934
358994
359054
359114
359174
359234
359298
359358
359418
359478
359547
359607
359667
359740
359800
359860
359920
360138
360198
360258
360318
360378
360438
360498
360558
360618
360849
360909
360969
361042
361102
361162
361222
361282
361342
361402
361585
361645
361705
361765
361825
361885
361945
362013
362073
362193
362253
362373
362493
362580
362640
362700
362760
362820
362880
362940
363000
363060
363120
363180
363240
363304
363364
363513
363573
363633
363746
363806
363866
363926
363986
364144
364204
364264
364324
364384
364444
364504
364564
364624
364684
364777
364887
364947
365007
365067
365127
365187
365247
365307
365367
365427
365729
366019
366079
366199
366259
366379
366499
366623
366683
366743
366872
366932
367065
367125
367185
367463
367523
367583
367763
367823
368114
368174
368234
368367
368427
368487
368547
368607
368667
368906
368966
369026
369086
369146
369206
369266
373711
375169
376550
378428
382378
384215
384275
384358
384418
384532
384592
384652
384773
384833
384893
385004
385064
385124
385265
385388
385448
385607
385721
385855
385962
386346
386442
386502
386703
386856
386930
386990
387050
387110
387212
387272
387531
387591
387651
387712
387772
387832
387892
387952
388039
388099
388159
388276
388336
388396
388478
388538
388598
388658
388718
388778
388838
388997
389057
389117
389177
389297
389378
389726
389786
389948
390008
390096
390156
390255
390328
390471
390537
390597
390657
390717
390777
390906
392793
392853
393520
394643
395066
395848
395959
396112
396316
396555
397368
397981
398395
398594
398654
398952
399012
399089
399149
399209
399302
399362
399472
400473
400533
400616
400676
400789
400953
401058
401151
401407
401645
401705
401765
401843
401903
401963
402023
402083
402187
402247
402307
402367
402427
402487
402547
402617
402677
402770
403745
403805
403865
403931
403991
404104
404317
404410
404470
404666
404904
404964
405102
405162
405282
405342
405431
405491
405551
405660
405720
405859
405919
405993
406055
406115
406175
406235
406295
406355
406415
406475
406567
406627
406687
406747
406807
406885
406945
407528
407794
407854
407937
407997
408110
408318
408378
408438
408672
408732
408817
408877
408937
408997
409108
409168
409288
409348
409452
409512
411489
412255
413286
413346
415438
416545
416605
417232
419564
420495
420555
423596
423656
423716
423776
423836
423896
424011
424195
425474
425534
425756
426172
426232
426292
426434
426494
426554
426614
426674
426784
426875
426935
427007
427180
427453
427513
427573
427649
428016
428076
428136
428196
428256
429299
429359
429419
429515
429630
429942
430002
430223
430471
430556
430680
430740
430800
430907
430995
431055
431115
431175
437173
437233
437894
437954
438014
438074
438186
438295
438401
439748
440088
440662
440722
440782
440842
440902
440962
441054
441215
442637
443915
443975
444035
444184
444265
444325
444592
444969
445165
445225
446369
447174
447234
447294
447443
447524
447584
447851
447911
448204
448284
448402
448480
448540
448600
448717
448777
448850
448951
449011
449071
449183
449429
449489
449549
449609
449696
449870
449930
449990
450050
450110
450170
450230
450290
450350
450410
450470
450567
450656
450872
450932
450992
451052
451112
451172
451232
451292
451352
451412
451620
451680
451740
451800
451860
451930
451990
452050
452110
452210
452270
452330
452428
452488
452548
452608
452668
452728
452788
452848
452908
452968
453028
453244
453304
453391
453451
453511
453571
453665
453725
453785
453845
453954
454014
454174
454247
454307
454367
454427
454487
454551
454611
454671
454731
454791
454851
454935
454995
455055
455115
455175
455305
455645
455705
455803
455863
455923
455983
456043
456107
456167
456227
456287
456448
456508
456650
456710
456770
456830
456890
456961
457104
457195
457255
457315
457375
457435
457495
457555
457671
457731
457791
457851
457911
457977
458037
458106
458166
458253
458313
458373
458433
458613
458673
458733
458941
459061
459121
459181
459265
459325
459651
459809
459869
459929
459989
460049
460113
460173
460293
460509
460656
460716
460836
461110
461219
461279
461439
461632
461752
461816
461936
462056
462116
462260
462320
462524
466474
467180
477186
477453
477513
477573
477633
477720
477780
477964
478167
478227
478287
478408
478468
478528
478841
478901
478971
479046
479106
479166
479226
479286
479346
479432
479800
479899
479996
480056
480188
480250
480478
480642
480702
480793
480853
480950
481102
481287
481396
481477
481537
481597
481657
481717
482119
482195
482282
482342
482678
482782
482955
483016
483231
483291
483396
483456
483551
483611
483671
483744
483814
484521
484669
484830
484890
484950
485010
485148
485250
485310
485468
485547
485759
485819
485879
485939
485999
486059
486119
486308
486368
486522
486582
486728
486803
486866
487007
487067
487139
487423
487483
487752
487836
487909
487969
488029
488145
488205
488265
488325
488407
488509
488602
488773
488833
488990
489050
489110
489170
489230
489290
489350
489410
489567
489717
489781
489841
489901
489961
490021
490081
490266
490326
490386
490446
490519
490682
490742
490802
490912
490972
491087
491199
491259
491319
491391
491451
491616
491676
491736
491842
491917
491990
492088
492151
492211
492271
492331
492413
492473
492533
492725
492812
493024
493084
493144
493204
493264
493324
493384
493573
493641
493701
493761
493821
493881
493993
494053
494113
494173
494233
494293
494353
494413
494473
494578
494650
494710
494770
494875
494995
495174
495234
495590
495867
496038
496404
496675
496735
497162
497222
497282
497342
497647
497707
497767
497840
497932
498007
498177
498237
498352
498412
498472
498584
498644
498704
498764
498824
498884
498944
499004
499064
499124
499187
499247
499477
499730
499817
499877
500045
500152
500775
500835
501441
501556
501671
501731
501903
501963
502203
502263
502323
502383
502443
502503
502563
502731
502791
502851
502989
503049
503109
503169
503411
503788
504357
504700
504760
504871
505046
505278
505572
505677
505737
505797
505878
505938
506046
506114
506174
506234
506294
506354
506414
506474
506534
506742
506995
507082
507142
507417
507663
507877
508486
508706
508766
508826
508996
509197
509257
509648
509708
509828
509996
510116
510314
510434
511613
511924
511984
512204
512950
513147
513574
513727
513853
513913
513995
514055
514256
514603
514663
514744
514804
514864
514934
515284
515344
515435
515495
515555
515632
515692
515888
515948
516008
516122
516186
516246
516455
516515
516810
516964
517086
517154
517219
517279
517427
517611
518364
518805
518936
518996
519069
519185
519245
519305
519385
519445
519604
519761
519821
519881
520070
520177
520270
520362
520422
520482
520542
520602
520690
520750
520810
520882
520999
521171
521389
522028
522850
523071
523131
523211
523333
523505
523642
524376
525090
525150
525357
525849
525909
525969
526116
526176
526236
526508
526669
526729
526995
527055
527244
527304
527385
527499
527559
527928
527988
528140
528255
528315
528394
528454
528584
528644
528924
529257
529399
529856
530105
530170
530230
530403
530463
530598
530658
530765
530825
530885
530945
531013
531073
531133
531193
531253
531315
531375
531435
531495
531729
531789
531849
531909
531969
532042
532102
532330
532390
532527
532587
532786
532981
533041
533101
533161
533320
533545
533605
533797
533882
533942
534002
534075
534135
534195
534255
534315
534375
534435
534495
534555
534630
534690
534750
534810
534870
535150
535210
535284
535589
535649
535786
535846
536042
536102
536162
536234
536294
536354
536414
536474
536534
536597
536657
536717
536869
537045
537105
537165
537252
537312
537372
537432
537492
537552
537863
537923
537983
538043
538125
538185
538245
538305
538365
538425
538485
538545
538605
538665
538725
538785
538991
539051
539170
539230
539290
539418
539478
539549
539609
539669
539789
539849
539909
540051
540215
540275
540335
540395
540455
540807
540867
540927
540987
541047
541107
541167
541340
541400
541520
541744
541804
541955
542015
542075
542135
542310
542415
542489
542677
542928
543168
543427
543487
543547
543739
543799
543859
544149
544209
544813
544873
544933
544993
545256
545316
545376
545436
545496
545556
545616
545676
545750
545810
545910
546048
546134
546316
546388
546448
546508
546568
546628
546688
546799
546912
546972
547073
547174
547332
547408
547468
547528
547588
547648
547754
547814
548521
548582
548676
548736
549147
549387
549447
549600
549749
550401
550461
550580
550640
550907
551051
551148
551305
551365
551425
551485
551796
552339
552399
552574
552655
552715
552967
553296
553422
553482
554040
554801
556340
556412
556472
558160
558981
560423
560648
561384
561842
562098
562240
562632
562913
563237
563297
563420
563578
563638
563765
563825
563974
564309
564369
564452
564512
564572
564632
564692
564761
564821
565057
565195
565255
565372
565432
565503
565563
565623
565683
565743
565803
565863
565973
566243
566311
566373
566433
566495
566555
566675
566805
566872
566932
567232
567441
567501
567566
567626
567733
567950
568010
568318
568380
568442
568631
568719
568779
568891
568954
569014
569074
569134
569351
569570
569773
570161
570230
573913
573973
574323
574466
574526
574586
574646
574706
574766
574826
574886
574946
575301
575361
576911
577040
577100
577160
577293
577406
577466
577582
577725
577785
577845
577905
577965
578085
578145
578205
578560
578620
578680
579709
580226
580355
580415
580475
580608
580721
580781
580854
581041
581101
581161
581396
581456
581516
581576
581636
581696
581756
581816
581876
581936
581996
582056
582116
582176
582236
582548
582608
582668
582861
582923
582983
583087
583147
583392
583616
583676
583918
584130
584190
584260
584320
584380
584440
584558
584618
584678
584738
584798
584858
584955
585015
585075
585135
585255
585315
585375
585435
585495
585555
585616
585676
585736
585796
585856
585916
585976
586036
586096
586176
586295
586355
586415
586475
586587
586647
586707
586767
586929
586989
587049
587377
587437
587497
587557
587617
587677
587737
587797
587933
588113
588173
588233
588306
588366
588426
588486
588634
588694
588754
588814
588874
588934
588994
589054
589114
589174
589234
589294
589354
589414
589474
589534
589594
589674
589734
589813
589873
589933
589993
590066
590126
590186
590246
590306
590468
590692
590752
590872
590937
590997
591112
591451
591511
591571
591631
591701
591939
592119
592396
592456
592593
592653
592713
592881
592941
593001
593061
593121
593181
593361
593560
593680
593740
593852
593912
594032
594194
594254
594642
594702
594822
594942
595062
595147
595498
595678
598928
598988
599514
599574
601484
601644
602833
603249
603309
603411
603471
603531
603591
603700
603760
603820
603880
603940
604000
604236
604303
604363
606839
609766
610113
610173
610317
610377
610437
610497
610557
610617
610677
610902
610962
611034
611094
611154
611214
611274
611334
611509
611569
611629
611689
611749
611809
611869
611929
612000
612174
612234
612294
612405
612495
612555
612615
612675
612735
612795
612955
613015
613075
613146
613206
613266
613453
613513
613573
613633
613693
613766
613930
613992
614052
614137
614197
614311
614371
614431
614491
614551
614671
614731
614791
614851
614911
614980
615040
615100
615160
615220
615280
615343
615403
615463
615523
615583
615643
615703
615763
615823
615883
615943
616003
616063
616123
616183
616243
616303
616363
616423
616483
616543
616644
616704
616764
616824
616884
616944
617004
617064
617124
617190
617250
617310
617375
617435
617495
617555
617615
617675
617791
617958
618018
618078
618138
618244
618400
618475
618658
618778
618838
618898
618958
619018
619078
619138
619198
619379
619439
619499
619599
619659
619719
619779
619839
619899
619959
620019
620079
620259
620319
620379
620439
620505
620565
620625
620685
620745
620805
620865
620925
620985
621045
621105
621165
621225
621337
621503
621563
621659
621734
621859
621923
621983
622043
622118
622178
622238
622298
622364
622664
622724
622784
622844
622904
622964
623024
623084
623375
623435
623495
623555
623624
623684
623744
623804
623864
623965
624025
624265
624325
624385
624445
624505
624565
624625
624685
624745
624805
624865
624925
624985
625056
625174
625234
625294
625354
625414
625474
625534
625623
625683
625743
626223
626283
626524
626644
626764
626864
627096
627156
627216
627276
627336
627396
627456
627704
627830
627961
628021
628486
628884
629047
629180
629244
629304
629364
629439
629499
629559
629629
630083
630261
630345
630512
630749
630999
631059
631151
631211
631271
631331
631391
631457
631517
631593
631653
631713
631807
631867
631927
632057
632117
632177
632418
633821
633881
633997
634522
634583
636149
636557
636617
636677
636737
636803
637788
637848
639736
640589
640821
641476
641639
644424
644487
644547
644647
644750
644810
645082
645145
645205
645427
645487
645680
645964
646024
646084
646337
646397
646484
646544
646609
646669
646867
647594
648004
648252
648400
649277
649966
650648
650708
651004
651213
652208
652305
652365
652496
652724
652972
653286
654101
654501
654586
654772
654867
656372
656733
657232
657292
657515
657575
657635
657695
657755
657815
657875
657963
658023
658113
658186
658246
658306
658366
658556
658616
658676
658736
658796
658856
658916
659217
659277
659337
659397
659468
659528
659588
659648
659708
660080
660140
660200
660260
660320
660380
660483
660816
660876
660936
660996
661056
661116
661176
661236
661296
661356
661428
661488
661548
661608
661668
661728
661788
661848
661908
661968
662028
662088
662175
662235
662355
662449
662509
662569
662629
662689
662749
662809
662869
662929
662989
663066
663169
663258
663323
663383
663443
663503
663563
663623
663683
663743
663803
663943
664131
664251
664311
664371
664551
664611
664803
664863
664923
664983
665043
665103
665163
665223
665344
665434
665507
665567
665627
665687
665764
665824
665928
665988
666048
666108
666168
666228
666288
666348
666408
666482
666542
666629
666689
666853
666913
667023
667083
667143
667345
667405
667465
667525
667585
667645
667748
667879
668040
668100
668201
668261
668321
668381
668510
668570
668630
668716
668776
668836
668896
668956
669016
669109
669169
669229
669348
669420
669537
669597
669657
669717
669777
670000
670070
670130
670250
670310
670370
