time,gpu0-0,gpu0-1,gpu0-2,gpu0-3,gpu1-0,gpu1-1,gpu1-2,gpu1-3,gpu2-0,gpu2-1,gpu2-2,gpu2-3,gpu3-0,gpu3-1,gpu3-2,gpu3-3,gpu4-0,gpu4-1,gpu4-2,gpu4-3,gpu5-0,gpu5-1,gpu5-2,gpu5-3,gpu6-0,gpu6-1,gpu6-2,gpu6-3,gpu7-0,gpu7-1,gpu7-2,gpu7-3,gpu8-0,gpu8-1,gpu8-2,gpu8-3,gpu9-0,gpu9-1,gpu9-2,gpu9-3,gpu10-0,gpu10-1,gpu10-2,gpu10-3,gpu11-0,gpu11-1,gpu11-2,gpu11-3,gpu12-0,gpu12-1,gpu12-2,gpu12-3,gpu13-0,gpu13-1,gpu13-2,gpu13-3,gpu14-0,gpu14-1,gpu14-2,gpu14-3,gpu15-0,gpu15-1,gpu15-2,gpu15-3,ce
3715485,0,0,0,0,0,0,0,0,0,0,0,0,0,0,0,0,,,,,,,,,,,,,,,,,,,,,,,,,,,,,,,,,,,,,,,,,,,,,,,,,0.1962250178478329
3715977.0,,,,,,,,,,,,,,,,,,,,,,,,,,,,,,,,,,,,,,,,,,,,,,,,,,,,,,,,,,,,,,,,,0.0
3717550,1,,,,,,,,,,,,,,,,,,,,,,,,,,,,,,,,,,,,,,,,,,,,,,,,,,,,,,,,,,,,,,,,0.015625
3717614.0,,,,,,,,,,,,,,,,,,,,,,,,,,,,,,,,,,,,,,,,,,,,,,,,,,,,,,,,,,,,,,,,,0.0
3721209,2,2,2,2,,,,,,,,,,,,,,,,,,,,,,,,,,,,,,,,,,,,,,,,,,,,,,,,,,,,,,,,,,,,,0.0469118548397852
3721269,2,2,2,2,,,,,,,,,,,,,,,,,,,,,,,,,,,,,,,,,,,,,,,,,,,,,,,,,,,,,,,,,,,,,0.0469118548397852
3721346,5,5,5,5,5,5,5,5,5,5,5,5,5,5,5,5,5,5,5,5,5,5,5,5,5,5,5,5,5,5,5,5,2,2,2,2,,,,,,,,,,,,,,,,,,,,,,,,,,,,,0.18623371916666398
3721406,5,5,5,5,5,5,5,5,5,5,5,5,5,5,5,5,5,5,5,5,5,5,5,5,5,5,5,5,5,5,5,5,2,2,2,2,,,,,,,,,,,,,,,,,,,,,,,,,,,,,0.18623371916666398
3721466,5,5,5,5,5,5,5,5,5,5,5,5,5,5,5,5,5,5,5,5,5,5,5,5,5,5,5,5,5,5,5,5,8,8,8,8,8,8,8,8,8,8,8,8,8,8,8,8,2,2,2,2,,,,,,,,,,,,,0.40104587763785815
3721556,5,5,5,5,5,5,5,5,5,5,5,5,5,5,5,5,5,5,5,5,5,5,5,5,5,5,5,5,5,5,5,5,8,8,8,8,8,8,8,8,8,8,8,8,8,8,8,8,2,2,2,2,,,,,,,,,,,,,0.40104587763785815
3721616,12,12,12,12,12,12,12,12,12,12,12,12,12,12,12,12,12,12,12,12,12,12,12,12,12,12,12,12,12,12,12,12,8,8,8,8,8,8,8,8,8,8,8,8,8,8,8,8,5,5,5,5,5,5,5,5,11,11,11,11,2,2,2,2,0.5505999823950662
3723598,12,12,12,12,12,12,12,12,12,12,12,12,12,12,12,12,12,12,12,12,12,12,12,12,12,12,12,12,12,12,12,12,5,5,5,5,5,5,5,5,5,5,5,5,5,5,5,5,11,11,11,11,2,2,2,2,,,,,,,,,0.35805189623523725
3724200,5,5,5,5,5,5,5,5,5,5,5,5,5,5,5,5,5,5,5,5,5,5,5,5,5,5,5,5,5,5,5,5,2,2,2,2,11,11,11,11,,,,,,,,,,,,,,,,,,,,,,,,,0.2331455740064492
3724269,13,13,13,13,13,13,13,13,13,13,13,13,13,13,13,13,13,13,13,13,13,13,13,13,13,13,13,13,13,13,13,13,5,5,5,5,5,5,5,5,5,5,5,5,5,5,5,5,2,2,2,2,11,11,11,11,,,,,,,,,0.5507665687390283
3724631,13,13,13,13,13,13,13,13,13,13,13,13,13,13,13,13,13,13,13,13,13,13,13,13,13,13,13,13,13,13,13,13,2,2,2,2,11,11,11,11,,,,,,,,,,,,,,,,,,,,,,,,,0.42586024651024024
3725434,14,14,14,14,14,14,14,14,14,14,14,14,14,14,14,14,14,14,14,14,14,14,14,14,14,14,14,14,14,14,14,14,13,13,13,13,13,13,13,13,13,13,13,13,13,13,13,13,11,11,11,11,2,2,2,2,,,,,,,,,0.7360710864874791
3725494,14,14,14,14,14,14,14,14,14,14,14,14,14,14,14,14,14,14,14,14,14,14,14,14,14,14,14,14,14,14,14,14,13,13,13,13,13,13,13,13,13,13,13,13,13,13,13,13,16,16,16,16,15,15,15,15,11,11,11,11,2,2,2,2,0.8298947961670495
3725554,14,14,14,14,14,14,14,14,14,14,14,14,14,14,14,14,14,14,14,14,14,14,14,14,14,14,14,14,14,14,14,14,18,18,18,18,18,18,18,18,13,13,13,13,13,13,13,13,16,16,16,16,15,15,15,15,11,11,11,11,17,17,2,2,0.8396962753616973
3725718,18,18,18,18,18,18,18,18,18,18,18,18,18,18,18,18,18,18,18,18,18,18,18,18,18,18,18,18,18,18,18,18,13,13,13,13,13,13,13,13,13,13,13,13,13,13,13,13,16,16,16,16,15,15,15,15,14,14,14,14,11,2,17,19,0.5737860601639659
3725778,14,14,14,14,14,14,14,14,14,14,14,14,14,14,14,14,14,14,14,14,14,14,14,14,14,14,14,14,14,14,14,14,18,18,18,18,18,18,18,18,13,13,13,13,13,13,13,13,16,16,16,16,15,15,15,15,11,11,11,11,2,2,17,19,0.8400009930279835
3725838,14,14,14,14,14,14,14,14,14,14,14,14,14,14,14,14,14,14,14,14,14,14,14,14,14,14,14,14,14,14,14,14,18,18,18,18,18,18,18,18,13,13,13,13,13,13,13,13,16,16,16,16,15,15,15,15,11,11,11,11,2,2,17,19,0.8400009930279835
3725900,14,14,14,14,14,14,14,14,14,14,14,14,14,14,14,14,14,14,14,14,14,14,14,14,14,14,14,14,14,14,14,14,18,18,18,18,18,18,18,18,13,13,13,13,13,13,13,13,16,16,16,16,15,15,15,15,11,11,11,11,17,17,2,2,0.8396962753616973
3726141,22,22,22,22,22,22,22,22,22,22,22,22,22,22,22,22,22,22,22,22,22,22,22,22,22,22,22,22,22,22,22,22,13,13,13,13,13,13,13,13,14,14,14,14,14,14,14,14,16,16,16,16,15,15,15,15,11,11,11,11,18,18,2,17,0.7626770241032942
3726201,22,22,22,22,22,22,22,22,22,22,22,22,22,22,22,22,22,22,22,22,22,22,22,22,22,22,22,22,22,22,22,22,13,13,13,13,13,13,13,13,14,14,14,14,14,14,14,14,16,16,16,16,15,15,15,15,11,11,11,11,18,18,2,17,0.7626770241032942
3726261,14,14,14,14,14,14,14,14,14,14,14,14,14,14,14,14,14,14,14,14,14,14,14,14,14,14,14,14,14,14,14,14,27,27,27,27,27,27,27,27,26,26,26,26,26,26,26,26,2,2,2,2,11,11,11,11,16,16,22,22,15,13,18,17,0.8504125755084856
3726321,14,14,14,14,14,14,14,14,14,14,14,14,14,14,14,14,14,14,14,14,14,14,14,14,14,14,14,14,14,14,14,14,27,27,27,27,27,27,27,27,26,26,26,26,26,26,26,26,2,2,2,2,11,11,11,11,16,16,22,22,15,13,18,17,0.8504125755084856
3726405,14,14,14,14,14,14,14,14,14,14,14,14,14,14,14,14,14,14,14,14,14,14,14,14,14,14,14,14,14,14,14,14,29,29,29,29,29,29,29,29,26,26,26,26,26,26,26,26,2,2,2,2,15,15,11,11,27,27,22,22,18,13,16,17,0.8377831863135812
3726517,14,14,14,14,14,14,14,14,14,14,14,14,14,14,14,14,14,14,14,14,14,14,14,14,14,14,14,14,14,14,14,14,26,26,26,26,26,26,26,26,2,2,2,2,30,30,30,30,29,29,29,29,18,18,27,27,22,22,11,11,13,16,15,17,0.8626064128898262
3726831,31,31,31,31,31,31,31,31,26,26,26,26,26,26,26,26,29,29,29,29,29,29,29,29,27,27,27,27,27,27,27,27,13,13,13,13,13,13,13,13,30,30,30,30,16,16,16,16,22,22,22,22,14,14,14,14,15,15,18,18,11,11,2,17,0.8577227885097636
3727201.0,22,22,22,22,22,22,22,22,22,22,22,22,22,22,22,22,29,29,29,29,29,29,29,29,13,13,13,13,13,13,13,13,27,27,27,27,27,27,27,27,15,15,15,15,16,16,16,16,11,11,11,11,30,30,30,30,14,14,14,14,31,18,2,17,0.8442805282613531
3729003.0,27,27,27,27,27,27,27,27,27,27,27,27,27,27,27,27,22,22,22,22,22,22,22,22,22,22,22,22,22,22,22,22,18,18,18,18,18,18,18,18,16,16,16,16,11,11,11,11,31,31,31,31,14,14,14,14,30,30,30,30,2,15,13,17,0.8629563750232242
3730004,27,27,27,27,27,27,27,27,27,27,27,27,27,27,27,27,22,22,22,22,22,22,22,22,22,22,22,22,22,22,22,22,14,14,14,14,14,14,14,14,16,16,16,16,11,11,11,11,32,32,32,32,30,30,30,30,2,2,31,31,18,15,13,17,0.8807245398373481
3730108,27,27,27,27,27,27,27,27,27,27,27,27,27,27,27,27,22,22,22,22,22,22,22,22,22,22,22,22,22,22,22,22,14,14,14,14,14,14,14,14,16,16,16,16,32,32,32,32,30,30,30,30,15,15,18,18,33,33,31,31,2,11,13,17,0.8905453710645412
3730857,27,27,27,27,27,27,27,27,27,27,27,27,27,27,27,27,22,22,22,22,22,22,22,22,22,22,22,22,22,22,22,22,14,14,14,14,14,14,14,14,30,30,30,30,2,2,2,2,32,32,32,32,33,33,16,16,31,31,11,18,15,13,34,17,0.8912484250119992
3733274,22,22,22,22,22,22,22,22,22,22,22,22,22,22,22,22,22,22,22,22,22,22,22,22,22,22,22,22,22,22,22,22,27,27,27,27,27,27,27,27,14,14,14,14,13,13,13,13,30,30,32,32,35,35,17,17,2,18,33,11,31,15,34,16,0.8040437433477031
3733366,14,14,14,14,14,14,14,14,14,14,14,14,14,14,14,14,22,22,22,22,22,22,22,22,22,22,22,22,22,22,22,22,27,27,27,27,27,27,27,27,17,17,17,17,32,32,32,32,33,33,16,16,35,35,18,18,11,2,31,15,30,34,36,13,0.9121477823459789
3733426,22,22,22,22,22,22,22,22,22,22,22,22,22,22,22,22,22,22,22,22,22,22,22,22,22,22,22,22,22,22,22,22,17,17,17,17,17,17,17,17,14,14,14,14,13,13,27,27,32,32,35,35,36,38,18,37,2,33,30,31,11,34,15,16,0.8100980504790706
3733548,22,22,22,22,22,22,22,22,22,22,22,22,22,22,22,22,22,22,22,22,22,22,22,22,22,22,22,22,22,22,22,22,17,17,17,17,17,17,17,17,14,14,14,14,13,13,27,27,32,32,35,35,36,30,38,18,33,31,37,2,11,34,15,16,0.8100980504790706
3733610,22,22,22,22,22,22,22,22,22,22,22,22,22,22,22,22,22,22,22,22,22,22,22,22,22,22,22,22,22,22,22,22,17,17,17,17,17,17,17,17,35,35,35,35,13,13,14,14,27,27,32,32,37,37,2,38,11,30,15,31,34,36,18,16,0.8075955320625747
3733772,22,22,22,22,22,22,22,22,22,22,22,22,22,22,22,22,22,22,22,22,22,22,22,22,22,22,22,22,22,22,22,22,13,13,13,13,35,35,35,35,14,14,14,14,38,38,2,2,27,27,32,32,37,37,11,30,34,40,31,15,16,36,18,17,0.8028646021603754
3735094,37,37,37,37,37,37,37,37,37,37,37,37,37,37,37,37,17,17,17,17,17,17,17,17,30,30,30,30,2,2,2,2,11,11,11,11,32,32,32,32,22,22,22,22,14,14,14,14,40,40,16,16,36,36,27,27,34,34,15,15,31,38,18,13,0.8126807795084674
3735336,22,22,22,22,22,22,22,22,22,22,22,22,22,22,22,22,22,22,22,22,22,22,22,22,22,22,22,22,22,22,22,22,17,17,17,17,17,17,17,17,30,30,30,30,27,27,27,27,32,32,36,36,15,15,14,2,40,31,38,34,11,18,16,13,0.7933996406839282
3737018,17,17,17,17,17,17,17,17,17,17,17,17,17,17,17,17,17,17,17,17,17,17,17,17,17,17,17,17,17,17,17,17,14,14,14,14,14,14,14,14,34,34,34,34,22,22,22,22,15,15,13,13,32,32,27,27,36,2,31,11,40,30,16,18,0.7980093665338777
3737478,17,17,17,17,17,17,17,17,17,17,17,17,17,17,17,17,14,14,14,14,14,14,14,14,14,14,14,14,14,14,14,14,13,13,13,13,13,13,13,13,34,34,34,34,32,32,32,32,22,22,22,22,27,27,16,16,30,15,40,2,36,31,11,18,0.9069433473134235
3737780,14,14,14,14,14,14,14,14,14,14,14,14,14,14,14,14,14,14,14,14,14,14,14,14,14,14,14,14,14,14,14,14,17,17,17,17,17,17,17,17,34,34,34,34,22,22,22,22,32,32,32,32,27,27,16,16,13,30,15,40,2,11,18,31,0.8871326201332735
3737902,27,27,27,27,27,27,27,27,27,27,27,27,27,27,27,27,27,27,27,27,27,27,27,27,27,27,27,27,27,27,27,27,17,17,17,17,17,17,17,17,17,17,17,17,17,17,17,17,32,32,32,32,22,22,14,13,30,40,11,18,31,15,16,34,0.8906274344649857
3738264,27,27,27,27,27,27,27,27,27,27,27,27,27,27,27,27,27,27,27,27,27,27,27,27,27,27,27,27,27,27,27,27,17,17,17,17,17,17,17,17,17,17,17,17,17,17,17,17,22,22,22,22,32,32,30,30,14,13,11,40,31,15,16,34,0.8852444269438391
3738626,22,22,22,22,22,22,22,22,22,22,22,22,22,22,22,22,22,22,22,22,22,22,22,22,22,22,22,22,22,22,22,22,14,14,14,14,14,14,14,14,27,27,27,27,27,27,27,27,30,30,30,30,17,17,17,17,32,32,40,31,16,15,34,13,0.7894162645992518
3739828,22,22,22,22,22,22,22,22,22,22,22,22,22,22,22,22,22,22,22,22,22,22,22,22,22,22,22,22,22,22,22,22,14,14,14,14,14,14,14,14,17,17,17,17,17,17,17,17,27,27,27,27,27,27,27,27,32,32,40,31,16,15,34,13,0.798785228884764
3740490,27,27,27,27,27,27,27,27,27,27,27,27,27,27,27,27,27,27,27,27,27,27,27,27,27,27,27,27,27,27,27,27,14,14,14,14,14,14,14,14,14,14,14,14,14,14,14,14,16,16,16,16,22,22,22,22,40,40,17,17,31,15,34,13,0.8721168900892639
3740819,14,14,14,14,14,14,14,14,14,14,14,14,14,14,14,14,27,27,27,27,27,27,27,27,27,27,27,27,27,27,27,27,17,17,17,17,17,17,17,17,22,22,22,22,22,22,22,22,13,13,13,13,13,13,13,13,16,16,15,15,40,31,34,42,0.9060286011088776
3742528,22,22,22,22,22,22,22,22,22,22,22,22,22,22,22,22,22,22,22,22,22,22,22,22,22,22,22,22,22,22,22,22,27,27,27,27,27,27,27,27,27,27,27,27,27,27,27,27,42,42,42,42,17,17,17,17,14,43,15,16,40,31,34,13,0.7971593865829619
3743222,13,13,13,13,13,13,13,13,13,13,13,13,13,13,13,13,27,27,27,27,27,27,27,27,34,34,34,34,44,44,44,44,15,15,15,15,43,43,43,43,16,16,16,16,42,42,42,42,17,17,17,17,14,14,14,14,22,22,22,22,31,31,40,40,0.8653197869678693
3743584,14,14,14,14,14,14,14,14,14,14,14,14,14,14,14,14,27,27,27,27,27,27,27,27,27,27,27,27,27,27,27,27,22,22,22,22,22,22,22,22,44,44,44,44,43,43,43,43,34,34,34,34,15,15,15,15,17,17,17,17,40,31,13,42,0.8643043873422963
3744271,14,14,14,14,14,14,14,14,14,14,14,14,14,14,14,14,27,27,27,27,27,27,27,27,27,27,27,27,27,27,27,27,45,45,45,45,45,45,45,45,22,22,22,22,22,22,22,22,34,34,34,34,44,44,43,43,42,42,17,17,13,40,31,15,0.8893442444468573
3744449,45,45,45,45,45,45,45,45,45,45,45,45,45,45,45,45,27,27,27,27,27,27,27,27,27,27,27,27,27,27,27,27,44,44,44,44,34,34,34,34,46,46,46,46,22,22,22,22,14,14,14,14,40,40,31,31,43,43,42,42,17,17,13,15,0.8010196210201668
3744534,27,27,27,27,27,27,27,27,27,27,27,27,27,27,27,27,22,22,22,22,22,22,22,22,22,22,22,22,22,22,22,22,45,45,45,45,45,45,45,45,34,34,34,34,43,43,43,43,47,47,44,44,46,46,42,42,17,17,14,14,13,40,31,15,0.8863114290156703
3744594,27,27,27,27,27,27,27,27,27,27,27,27,27,27,27,27,22,22,22,22,22,22,22,22,22,22,22,22,22,22,22,22,45,45,45,45,45,45,45,45,34,34,34,34,14,14,14,14,31,31,13,13,47,47,42,42,43,43,17,17,40,44,15,46,0.8973014094242635
3744654,31,31,31,31,31,31,31,31,31,31,31,31,31,31,31,31,31,31,31,31,31,31,31,31,31,31,31,31,31,31,31,31,22,22,22,22,22,22,22,22,45,45,45,45,45,45,45,45,27,27,17,17,14,46,34,43,47,42,44,13,40,50,49,15,0.7980676995860242
3745177,31,31,31,31,31,31,31,31,31,31,31,31,31,31,31,31,31,31,31,31,31,31,31,31,31,31,31,31,31,31,31,31,45,45,45,45,45,45,45,45,22,22,22,22,40,40,40,40,27,27,17,17,14,34,43,47,15,51,13,50,44,49,46,42,0.7995245201985359
3745428,27,27,27,27,27,27,27,27,27,27,27,27,27,27,27,27,31,31,31,31,31,31,31,31,31,31,31,31,31,31,31,31,22,22,22,22,22,22,22,22,45,45,45,45,40,40,40,40,14,14,17,17,50,44,43,47,51,15,49,13,34,42,46,52,0.9232937330432517
3745490,31,31,31,31,31,31,31,31,31,31,31,31,31,31,31,31,31,31,31,31,31,31,31,31,31,31,31,31,31,31,31,31,45,45,45,45,45,45,45,45,40,40,40,40,17,17,17,17,22,22,27,27,14,34,47,43,15,49,51,50,44,46,13,42,0.7995245201985359
3746451,22,22,22,22,22,22,22,22,22,22,22,22,22,22,22,22,22,22,22,22,22,22,22,22,22,22,22,22,22,22,22,22,45,45,45,45,45,45,45,45,53,53,53,53,34,34,14,14,31,31,27,27,47,17,43,15,40,51,42,50,44,13,49,46,0.8023261943567824
3746993,31,31,31,31,31,31,31,31,31,31,31,31,31,31,31,31,22,22,22,22,22,22,22,22,22,22,22,22,22,22,22,22,45,45,45,45,45,45,45,45,44,44,44,44,27,27,27,27,53,53,53,53,14,17,47,40,43,51,50,34,42,49,46,13,0.8932831006147182
3747419,31,31,31,31,31,31,31,31,31,31,31,31,31,31,31,31,31,31,31,31,31,31,31,31,31,31,31,31,31,31,31,31,34,34,34,34,50,50,50,50,45,45,45,45,53,53,53,53,27,27,22,22,47,14,17,46,43,49,40,51,42,44,54,13,0.8070803311814093
3747668,31,31,31,31,31,31,31,31,31,31,31,31,31,31,31,31,31,31,31,31,31,31,31,31,31,31,31,31,31,31,31,31,34,34,34,34,53,53,53,53,45,45,45,45,44,44,14,14,27,27,22,22,50,43,42,47,49,40,51,46,17,54,13,55,0.8071077221783047
3748090,13,13,13,13,13,13,13,13,13,13,13,13,13,13,13,13,31,31,31,31,31,31,31,31,53,53,53,53,53,53,53,53,44,44,44,44,27,27,27,27,22,22,22,22,43,43,54,54,50,50,42,42,55,55,14,14,17,17,34,47,51,49,46,40,0.9160814200536144
3748150,56,56,56,56,56,56,56,56,53,53,53,53,53,53,53,53,27,27,27,27,27,27,27,27,44,44,44,44,14,14,14,14,31,31,31,31,13,13,13,13,17,17,17,17,22,22,22,22,34,34,47,47,50,50,54,54,46,46,43,40,42,49,55,51,0.9233145836498543
3748578,27,27,27,27,27,27,27,27,27,27,27,27,27,27,27,27,17,17,17,17,17,17,17,17,22,22,22,22,22,22,22,22,53,53,53,53,56,56,56,56,57,57,57,57,31,31,31,31,54,54,44,44,50,14,34,43,40,42,49,46,47,13,55,51,0.9244973568782797
3749539,31,31,31,31,31,31,31,31,13,13,13,13,13,13,13,13,27,27,27,27,27,27,27,27,22,22,22,22,17,17,17,17,56,56,56,56,53,53,53,53,14,14,14,14,34,34,57,57,50,50,46,46,42,42,51,51,43,44,54,49,58,47,55,40,0.9378243060878204
3749599,31,31,31,31,31,31,31,31,13,13,13,13,13,13,13,13,27,27,27,27,27,27,27,27,17,17,17,17,56,56,56,56,53,53,53,53,14,14,14,14,51,51,50,50,57,57,46,46,59,59,42,42,40,40,22,22,34,44,54,43,58,49,47,55,0.9420610732398832
3750921,13,13,13,13,13,13,13,13,14,14,14,14,14,14,14,14,27,27,27,27,27,27,27,27,43,43,43,43,44,44,44,44,56,56,56,56,53,53,53,53,31,31,31,31,46,46,42,42,50,50,47,47,59,59,22,22,17,17,55,34,51,58,49,40,0.9225845746973226
3754283,14,14,14,14,14,14,14,14,14,14,14,14,14,14,14,14,27,27,27,27,27,27,27,27,22,22,22,22,22,22,22,22,13,13,13,13,56,56,56,56,53,53,53,53,17,17,17,17,43,43,55,55,50,50,40,51,42,34,49,59,58,46,31,44,0.932668438367662
3754804,31,31,31,31,31,31,31,31,31,31,31,31,31,31,31,31,31,31,31,31,31,31,31,31,31,31,31,31,31,31,31,31,43,43,43,43,53,53,53,53,56,56,56,56,27,27,22,22,46,46,50,14,17,42,59,49,40,58,60,44,34,55,51,13,0.8092404817646761
3755226,53,53,53,53,53,53,53,53,53,53,53,53,53,53,53,53,14,14,14,14,14,14,14,14,31,31,31,31,60,60,60,60,51,51,51,51,27,27,27,27,17,17,17,17,42,42,43,43,50,50,58,58,55,55,46,46,22,22,59,34,40,49,44,13,0.9331157443917181
3755548,14,14,14,14,14,14,14,14,14,14,14,14,14,14,14,14,13,13,13,13,13,13,13,13,17,17,17,17,17,17,17,17,43,43,43,43,53,53,53,53,27,27,27,27,46,46,61,61,50,50,55,55,22,22,59,34,49,60,40,58,44,42,31,51,0.925426330270387
3755643,14,14,14,14,14,14,14,14,14,14,14,14,14,14,14,14,13,13,13,13,13,13,13,13,17,17,17,17,17,17,17,17,43,43,43,43,53,53,53,53,27,27,27,27,46,46,61,61,55,55,22,22,59,34,58,40,60,50,49,44,42,31,51,62,0.926129384217845
3755703,14,14,14,14,14,14,14,14,14,14,14,14,14,14,14,14,13,13,13,13,13,13,13,13,17,17,17,17,17,17,17,17,43,43,43,43,53,53,53,53,27,27,27,27,42,42,46,46,58,58,22,22,34,61,50,40,60,49,55,44,59,31,51,62,0.9224414063664856
3755764,14,14,14,14,14,14,14,14,17,17,17,17,17,17,17,17,13,13,13,13,13,13,13,13,59,59,59,59,43,43,43,43,53,53,53,53,46,46,46,46,27,27,27,27,51,51,51,51,61,61,34,34,22,22,58,49,44,40,60,50,55,42,31,62,0.9197085085003908
3755826,14,14,14,14,14,14,14,14,14,14,14,14,14,14,14,14,17,17,17,17,17,17,17,17,13,13,13,13,13,13,13,13,53,53,53,53,46,46,46,46,22,22,22,22,34,34,43,43,50,50,27,27,51,51,49,58,59,40,60,55,61,44,42,31,0.9336170516883969
3756388,65,65,65,65,65,65,65,65,65,65,65,65,65,65,65,65,65,65,65,65,65,65,65,65,65,65,65,65,65,65,65,65,53,53,53,53,14,14,14,14,22,22,22,22,27,27,50,50,43,17,31,13,44,59,60,46,34,40,58,55,61,42,49,51,0.8166695972802269
3756690,14,14,14,14,14,14,14,14,14,14,14,14,14,14,14,14,65,65,65,65,65,65,65,65,43,43,43,43,59,59,59,59,44,44,44,44,53,53,53,53,13,13,13,13,27,27,27,27,46,46,17,17,22,22,42,51,60,58,50,49,40,55,61,31,0.8979532100976142
3757778,14,14,14,14,14,14,14,14,14,14,14,14,14,14,14,14,53,53,53,53,53,53,53,53,65,65,65,65,65,65,65,65,59,59,59,59,60,60,60,60,43,43,66,66,17,17,61,61,27,27,40,40,22,22,44,42,31,51,58,46,50,49,55,13,0.9257612365010515
3758174,14,14,14,14,14,14,14,14,14,14,14,14,14,14,14,14,14,14,14,14,14,14,14,14,14,14,14,14,14,14,14,14,65,65,65,65,53,53,53,53,17,17,40,40,27,27,22,22,31,66,44,43,50,67,60,46,51,42,49,55,59,61,58,13,0.9110607178134694
3758334,53,53,53,53,53,53,53,53,53,53,53,53,53,53,53,53,53,53,53,53,53,53,53,53,53,53,53,53,53,53,53,53,68,68,68,68,60,60,14,14,65,65,27,27,42,42,22,22,40,59,66,17,31,44,43,50,67,51,58,46,61,55,49,13,0.823207914942101
3758766,14,14,14,14,14,14,14,14,14,14,14,14,14,14,14,14,14,14,14,14,14,14,14,14,14,14,14,14,14,14,14,14,53,53,53,53,40,40,65,65,68,68,27,27,22,22,59,17,31,69,66,43,44,67,60,46,50,49,51,58,55,61,42,13,0.9107975686534001
3760025,65,65,65,65,65,65,65,65,65,65,65,65,65,65,65,65,65,65,65,65,65,65,65,65,65,65,65,65,65,65,65,65,53,53,53,53,22,22,22,22,27,27,14,31,17,66,13,70,68,60,46,43,59,40,51,67,58,42,50,69,61,55,49,44,0.8221350114898758
3760387,65,65,65,65,65,65,65,65,65,65,65,65,65,65,65,65,65,65,65,65,65,65,65,65,65,65,65,65,65,65,65,65,14,14,14,14,53,53,53,53,27,27,22,22,17,66,70,31,13,61,51,46,43,68,55,40,67,58,59,42,69,49,44,60,0.821882270281113
3760569,65,65,65,65,65,65,65,65,65,65,65,65,65,65,65,65,65,65,65,65,65,65,65,65,65,65,65,65,65,65,65,65,53,53,53,53,60,60,60,60,14,14,27,27,22,22,17,66,70,31,13,69,46,43,42,68,40,51,67,58,59,49,44,61,0.8216094183797477
3760871,60,60,60,60,60,60,60,60,60,60,60,60,60,60,60,60,60,60,60,60,60,60,60,60,60,60,60,60,60,60,60,60,65,65,65,65,53,53,53,53,17,17,14,14,27,27,22,22,66,70,31,13,69,46,51,40,67,58,59,43,42,44,49,61,0.9110607178134694
3760993,65,65,65,65,65,65,65,65,65,65,65,65,65,65,65,65,14,14,14,14,14,14,14,14,17,17,17,17,17,17,17,17,59,59,59,59,66,66,66,66,53,53,53,53,13,13,70,70,27,27,22,22,43,46,44,40,67,60,69,49,61,31,58,51,0.9065604229665694
3761475,14,14,14,14,14,14,14,14,14,14,14,14,14,14,14,14,14,14,14,14,14,14,14,14,14,14,14,14,14,14,14,14,53,53,53,53,53,53,53,53,65,65,66,66,27,27,17,17,22,22,70,69,40,44,46,31,51,67,60,61,49,59,58,13,0.9079361736909812
3762189,14,14,14,14,14,14,14,14,14,14,14,14,14,14,14,14,17,17,17,17,17,17,17,17,17,17,17,17,17,17,17,17,40,40,40,40,53,53,53,53,22,22,22,22,65,65,27,27,66,66,69,44,71,59,51,67,58,60,46,70,61,49,31,13,0.9249988200965008
3762249,14,14,14,14,14,14,14,14,14,14,14,14,14,14,14,14,65,65,65,65,65,65,65,65,17,17,17,17,17,17,17,17,40,40,40,40,53,53,53,53,73,73,72,72,22,22,27,27,59,59,69,49,44,67,60,71,46,70,61,58,51,31,66,13,0.9305779551253109
3762311,40,40,40,40,40,40,40,40,40,40,40,40,40,40,40,40,14,14,14,14,14,14,14,14,14,14,14,14,14,14,14,14,59,59,59,59,53,53,53,53,73,73,65,65,27,27,72,72,22,22,69,31,71,17,70,67,60,46,61,49,51,66,58,13,0.9144547331010574
3763468,14,14,14,14,14,14,14,14,14,14,14,14,14,14,14,14,14,14,14,14,14,14,14,14,14,14,14,14,14,14,14,14,53,53,53,53,69,69,69,69,27,27,66,66,22,22,40,74,59,65,31,73,72,17,70,46,51,67,60,58,71,61,49,13,0.9127767127974161
3764190,14,14,14,14,14,14,14,14,14,14,14,14,14,14,14,14,14,14,14,14,14,14,14,14,14,14,14,14,14,14,14,14,40,40,40,40,53,53,53,53,74,74,27,27,66,66,22,22,59,65,31,46,17,72,49,51,67,60,58,73,69,71,61,13,0.909697711969779
3764372,40,40,40,40,40,40,40,40,40,40,40,40,40,40,40,40,53,53,53,53,53,53,53,53,53,53,53,53,53,53,53,53,59,59,59,59,74,74,74,74,14,14,14,14,27,27,66,66,22,22,65,31,73,17,58,72,67,69,51,60,49,71,61,13,0.9142250116560003
3764629,65,65,65,65,65,65,65,65,65,65,65,65,65,65,65,65,71,71,71,71,71,71,71,71,59,59,59,59,69,69,69,69,53,53,53,53,27,27,27,27,14,14,14,14,72,72,66,66,17,17,22,22,73,51,58,31,67,60,49,61,75,40,13,74,0.8939974575435908
3765411,74,74,74,74,74,74,74,74,74,74,74,74,74,74,74,74,53,53,53,53,53,53,53,53,40,40,40,40,40,40,40,40,75,75,75,75,66,66,66,66,17,17,17,17,73,73,65,65,22,22,27,27,59,69,49,51,67,58,31,61,60,14,71,13,0.9099500746437736
3765479,65,65,65,65,65,65,65,65,40,40,40,40,40,40,40,40,75,75,75,75,73,73,73,73,66,66,66,66,59,59,59,59,31,31,31,31,53,53,53,53,17,17,17,17,27,27,27,27,14,14,60,60,22,22,71,69,51,58,67,49,61,76,74,13,0.8956996041695168
3765788,74,74,74,74,74,74,74,74,74,74,74,74,74,74,74,74,17,17,17,17,17,17,17,17,17,17,17,17,17,17,17,17,77,77,77,77,53,53,53,53,27,27,71,71,22,22,14,14,65,73,31,66,58,59,75,40,51,60,49,67,69,76,61,13,0.9296193072716914
3766675,78,78,78,78,78,78,78,78,78,78,78,78,78,78,78,78,75,75,75,75,51,51,51,51,17,17,17,17,77,77,77,77,53,53,53,53,71,71,71,71,13,13,65,65,27,27,61,61,22,22,14,14,59,40,74,73,31,69,67,58,60,49,66,76,0.9366029856315348
3766735,78,78,78,78,78,78,78,78,78,78,78,78,78,78,78,78,75,75,75,75,17,17,17,17,77,77,77,77,53,53,53,53,79,79,79,79,71,71,71,71,51,51,61,61,22,22,14,14,27,27,65,31,13,59,74,58,73,49,69,40,67,66,76,60,0.9369395690627417
3766795,81,81,81,81,81,81,81,81,81,81,81,81,81,81,81,81,71,71,71,71,71,71,71,71,77,77,77,77,53,53,53,53,79,79,79,79,80,80,78,78,22,22,27,27,14,14,76,59,17,65,31,13,66,74,58,75,73,49,69,40,51,67,60,61,0.8321725095668989
3766855,81,81,81,81,81,81,81,81,81,81,81,81,81,81,81,81,82,82,82,82,82,82,82,82,83,83,83,83,83,83,83,83,77,77,77,77,84,84,84,84,53,53,53,53,79,79,79,79,80,80,22,22,27,27,78,78,66,76,14,17,65,31,49,13,0.7905053096237252
3767003,81,81,81,81,81,81,81,81,82,82,82,82,82,82,82,82,83,83,83,83,83,83,83,83,53,53,53,53,84,84,84,84,79,79,79,79,77,77,77,77,85,85,85,85,80,80,78,78,22,22,27,27,73,14,65,76,66,71,61,17,31,13,49,69,0.853022025098006
3767063,81,81,81,81,81,81,81,81,82,82,82,82,82,82,82,82,87,87,87,87,87,87,87,87,83,83,83,83,83,83,83,83,77,77,77,77,86,86,86,86,84,84,84,84,53,53,53,53,85,85,85,85,79,79,79,79,80,80,22,22,27,27,66,76,0.8189114691307056
3767123,81,81,81,81,81,81,81,81,82,82,82,82,82,82,82,82,83,83,83,83,83,83,83,83,77,77,77,77,87,87,87,87,80,80,80,80,86,86,86,86,84,84,84,84,53,53,53,53,85,85,85,85,79,79,79,79,22,22,27,27,78,78,66,76,0.8372420573014623
3767183,81,81,81,81,81,81,81,81,82,82,82,82,82,82,82,82,83,83,83,83,83,83,83,83,95,95,95,95,95,95,95,95,77,77,77,77,87,87,87,87,86,86,86,86,84,84,84,84,53,53,53,53,85,85,85,85,80,80,97,97,94,94,66,76,0.823503776583177
3767243,81,81,81,81,81,81,81,81,82,82,82,82,82,82,82,82,87,87,87,87,87,87,87,87,83,83,83,83,83,83,83,83,95,95,95,95,95,95,95,95,86,86,86,86,53,53,53,53,85,85,85,85,77,77,80,80,97,97,98,98,84,84,66,76,0.8053767550670206
3767303,81,81,81,81,81,81,81,81,83,83,83,83,83,83,83,83,95,95,95,95,95,95,95,95,82,82,82,82,87,87,87,87,86,86,86,86,53,53,53,53,85,85,85,85,94,94,94,94,77,77,80,80,97,97,98,98,84,84,22,22,79,79,66,76,0.8541876065974188
3767363,81,81,81,81,81,81,81,81,83,83,83,83,83,83,83,83,95,95,95,95,95,95,95,95,82,82,82,82,87,87,87,87,86,86,86,86,53,53,53,53,85,85,85,85,94,94,94,94,77,77,80,80,97,97,98,98,84,84,22,22,79,79,66,76,0.8541876065974188
3767545,83,83,83,83,83,83,83,83,95,95,95,95,95,95,95,95,82,82,82,82,87,87,87,87,53,53,53,53,85,85,85,85,94,94,94,94,79,79,79,79,80,80,86,86,97,97,98,98,84,84,22,22,27,27,96,96,78,78,77,66,76,14,17,65,0.8964513048185802
3767607,95,95,95,95,95,95,95,95,95,95,95,95,95,95,95,95,82,82,82,82,82,82,82,82,87,87,87,87,87,87,87,87,83,83,83,83,83,83,83,83,80,80,80,80,86,86,86,86,98,98,98,98,84,84,84,84,53,53,53,53,97,97,66,76,0.7492224163329825
3767667,87,87,87,87,87,87,87,87,83,83,83,83,83,83,83,83,95,95,95,95,95,95,95,95,82,82,82,82,80,80,80,80,86,86,86,86,84,84,84,84,53,53,53,53,85,85,85,85,94,94,94,94,79,79,79,79,97,97,98,98,22,22,66,76,0.8723245675223952
3767909,83,83,83,83,83,83,83,83,83,83,83,83,83,83,83,83,95,95,95,95,95,95,95,95,95,95,95,95,95,95,95,95,87,87,87,87,87,87,87,87,80,80,80,80,86,86,86,86,98,98,98,98,84,84,84,84,53,53,53,53,97,97,66,76,0.7402559816572394
3768211,83,83,83,83,83,83,83,83,83,83,83,83,83,83,83,83,95,95,95,95,95,95,95,95,95,95,95,95,95,95,95,95,80,80,80,80,86,86,86,86,98,98,98,98,84,84,84,84,53,53,53,53,85,85,85,85,94,94,94,94,97,97,66,76,0.7580838916608983
3768513,83,83,83,83,83,83,83,83,95,95,95,95,95,95,95,95,86,86,86,86,98,98,98,98,84,84,84,84,53,53,53,53,85,85,85,85,94,94,94,94,79,79,79,79,97,97,22,22,27,27,78,78,96,96,71,14,66,76,17,65,31,13,61,49,0.9113934337058088
3768755,95,95,95,95,95,95,95,95,79,79,79,79,53,53,53,53,84,84,84,84,94,94,94,94,83,83,83,83,98,98,98,98,85,85,85,85,27,27,97,97,96,96,78,78,22,22,67,14,17,65,31,13,59,69,73,74,75,58,66,60,71,49,61,76,0.9577988260702489
3768937,95,95,95,95,95,95,95,95,95,95,95,95,95,95,95,95,97,97,97,97,98,98,98,98,84,84,84,84,53,53,53,53,85,85,85,85,94,94,94,94,79,79,79,79,27,27,78,78,96,96,22,22,69,14,66,17,65,31,13,73,61,49,76,71,0.8536057248775052
3770319,53,53,53,53,53,53,53,53,65,65,65,65,17,17,17,17,85,85,85,85,94,94,94,94,79,79,79,79,27,27,27,27,31,31,78,78,97,97,98,98,96,96,84,84,22,22,14,14,13,66,73,74,58,75,59,61,40,67,60,71,49,76,51,69,0.959029875273153
3770383.0,53,53,53,53,53,53,53,53,98,98,98,98,84,84,84,84,97,97,97,97,85,85,85,85,94,94,94,94,79,79,79,79,27,27,27,27,17,17,65,65,78,78,96,96,22,22,14,14,59,69,31,13,66,75,73,74,58,40,67,60,49,71,76,51,0.9671084261792513
3770473,111,111,111,111,111,111,111,111,111,111,111,111,111,111,111,111,97,97,97,97,98,98,98,98,84,84,84,84,53,53,53,53,85,85,85,85,94,94,94,94,110,110,110,110,79,79,79,79,22,22,27,27,96,96,78,78,66,76,73,14,17,65,31,49,0.8872304265868497
3770533,111,111,111,111,111,111,111,111,111,111,111,111,111,111,111,111,112,112,112,112,112,112,112,112,112,112,112,112,112,112,112,112,97,97,97,97,98,98,98,98,84,84,84,84,53,53,53,53,85,85,85,85,94,94,94,94,110,110,110,110,66,76,73,22,0.8579600844555377
3771495,112,112,112,112,112,112,112,112,112,112,112,112,112,112,112,112,111,111,111,111,98,98,98,98,84,84,84,84,53,53,53,53,85,85,85,85,94,94,94,94,110,110,110,110,79,79,79,79,22,22,27,27,96,96,78,78,66,76,73,14,17,65,31,49,0.9387492008577204
3772337,112,112,112,112,112,112,112,112,110,110,110,110,53,53,53,53,84,84,84,84,85,85,85,85,94,94,94,94,79,79,79,79,98,98,98,98,14,14,27,27,96,96,78,78,22,22,65,69,40,59,17,31,13,76,75,73,51,67,74,58,60,71,49,66,0.9626793916777319
3772397,27,27,27,27,110,110,110,110,79,79,79,79,53,53,53,53,85,85,85,85,98,98,98,98,84,84,84,84,112,112,112,112,94,94,94,94,65,65,14,14,78,78,96,96,22,22,17,75,31,13,113,66,73,60,69,49,40,51,67,74,58,71,76,59,0.9652435022561048
3773419,79,79,79,79,79,79,79,79,76,76,76,76,110,110,110,110,53,53,53,53,94,94,94,94,84,84,84,84,98,98,98,98,85,85,85,85,14,14,27,27,78,78,96,96,22,22,75,59,17,65,31,13,66,73,40,51,67,74,58,60,113,71,49,69,0.963941582840551
3773601,79,79,79,79,79,79,79,79,110,110,110,110,110,110,110,110,22,22,22,22,53,53,53,53,94,94,94,94,85,85,85,85,84,84,84,84,27,27,96,96,78,78,113,113,14,14,17,65,13,66,73,60,75,59,40,51,67,74,58,71,49,76,69,31,0.9549512859193551
3774441,79,79,79,79,79,79,79,79,110,110,110,110,110,110,110,110,85,85,85,85,85,85,85,85,53,53,53,53,94,94,94,94,14,14,78,78,96,96,27,27,22,22,84,84,113,66,71,17,65,31,73,76,69,13,40,51,67,74,60,75,59,114,49,58,0.9557440040355205
3774503,79,79,79,79,79,79,79,79,110,110,110,110,110,110,110,110,85,85,85,85,85,85,85,85,53,53,53,53,94,94,94,94,113,113,14,14,78,78,96,96,84,84,27,27,22,22,17,65,31,73,69,76,66,13,40,51,67,74,60,58,75,114,59,49,0.9540561698329414
3774565,110,110,110,110,110,110,110,110,85,85,85,85,85,85,85,85,17,17,17,17,79,79,79,79,53,53,53,53,94,94,94,94,27,27,27,27,65,65,78,78,66,66,96,96,22,22,14,14,113,31,114,69,13,59,73,40,67,74,60,58,75,49,76,51,0.951044531470557
3774867,53,53,53,53,53,53,53,53,110,110,110,110,110,110,110,110,85,85,85,85,85,85,85,85,17,17,17,17,79,79,79,79,94,94,94,94,65,65,78,78,66,66,96,96,27,27,22,22,31,13,113,40,114,73,75,69,74,67,60,76,49,14,58,51,0.9495877108580454
3776502,53,53,53,53,53,53,53,53,110,110,110,110,110,110,110,110,85,85,85,85,85,85,85,85,17,17,17,17,94,94,94,94,79,79,79,79,78,78,66,66,96,96,27,27,22,22,65,31,13,51,114,113,73,75,69,40,67,115,74,60,49,76,14,58,0.9498924285243314
3776602,110,110,110,110,110,110,110,110,85,85,85,85,85,85,85,85,27,27,27,27,53,53,53,53,94,94,94,94,116,116,116,116,79,79,79,79,17,17,78,78,66,66,96,96,22,22,65,31,13,113,114,75,73,69,40,67,115,74,58,51,49,76,14,60,0.9541436429907968
3780144,53,53,53,53,53,53,53,53,94,94,94,94,94,94,94,94,110,110,110,110,110,110,110,110,85,85,85,85,79,79,79,79,17,17,40,40,116,116,66,66,78,78,96,96,27,27,22,22,65,31,13,75,113,73,115,74,60,69,51,67,58,49,76,14,0.9535491771609735
3780986,110,110,110,110,110,110,110,110,17,17,17,17,17,17,17,17,53,53,53,53,53,53,53,53,85,85,85,85,94,94,94,94,79,79,79,79,65,65,78,78,96,96,116,116,27,27,22,22,31,13,113,73,115,60,75,69,49,40,67,74,58,76,14,51,0.9505724911131666
3781288,53,53,53,53,53,53,53,53,85,85,85,85,85,85,85,85,17,17,17,17,60,60,60,60,110,110,110,110,116,116,116,116,94,94,94,94,79,79,79,79,113,113,78,78,96,96,27,27,22,22,65,31,13,75,73,58,115,74,40,67,49,76,14,51,0.949238136603966
3783150,110,110,110,110,110,110,110,110,53,53,53,53,53,53,53,53,94,94,94,94,94,94,94,94,85,85,85,85,85,85,85,85,79,79,79,79,17,17,40,40,78,78,96,96,76,76,22,22,27,27,65,31,13,73,113,75,115,74,60,58,67,49,14,51,0.9492201054945318
3786671,110,110,110,110,110,110,110,110,53,53,53,53,53,53,53,53,94,94,94,94,94,94,94,94,85,85,85,85,85,85,85,85,79,79,79,79,65,65,40,40,78,78,96,96,22,22,27,27,17,73,31,13,75,58,51,67,115,74,60,49,76,14,113,117,0.9497208844363079
3789974,94,94,94,94,94,94,94,94,110,110,110,110,110,110,110,110,96,96,96,96,53,53,53,53,85,85,85,85,118,118,118,118,79,79,79,79,78,78,78,78,22,22,27,27,17,17,65,65,31,40,117,75,73,51,67,58,49,60,115,74,76,113,14,13,0.9511401759056989
3790576,17,17,17,17,17,17,17,17,85,85,85,85,85,85,85,85,118,118,118,118,118,118,118,118,110,110,110,110,94,94,94,94,53,53,53,53,79,79,79,79,78,78,96,96,22,22,27,27,40,67,65,31,73,51,117,115,74,58,49,75,113,14,60,13,0.9353186580869989
3793758,85,85,85,85,85,85,85,85,17,17,17,17,17,17,17,17,65,65,65,65,110,110,110,110,94,94,94,94,53,53,53,53,79,79,79,79,40,40,40,40,73,73,96,96,78,78,27,27,67,67,22,22,51,60,117,115,74,49,113,75,14,31,58,13,0.9461390250837263
3794840,94,94,94,94,94,94,94,94,53,53,53,53,53,53,53,53,85,85,85,85,85,85,85,85,78,78,78,78,110,110,110,110,79,79,79,79,65,65,65,65,60,60,22,22,96,96,27,27,13,13,17,17,113,75,67,58,51,117,115,74,49,14,31,40,0.9462084671321475
3796868,17,17,17,17,17,17,17,17,94,94,94,94,94,94,94,94,85,85,85,85,85,85,85,85,53,53,53,53,53,53,53,53,79,79,79,79,110,110,110,110,78,78,22,22,96,96,27,27,40,67,113,65,31,49,14,51,117,115,74,60,75,58,13,119,0.9453610818522079
3796930,53,53,53,53,53,53,53,53,94,94,94,94,94,94,94,94,85,85,85,85,85,85,85,85,60,60,60,60,110,110,110,110,79,79,79,79,65,65,65,65,13,13,78,78,96,96,22,22,27,27,17,17,113,75,51,117,49,67,115,74,14,58,31,40,0.9462084671321475
3801152,85,85,85,85,85,85,85,85,94,94,94,94,94,94,94,94,53,53,53,53,53,53,53,53,60,60,60,60,110,110,110,110,79,79,79,79,17,17,17,17,65,65,78,78,96,96,22,22,27,27,31,13,74,113,58,49,75,51,117,115,120,14,67,40,0.9465131847984335
3802174,58,58,58,58,58,58,58,58,94,94,94,94,94,94,94,94,85,85,85,85,85,85,85,85,53,53,53,53,53,53,53,53,79,79,79,79,110,110,110,110,65,65,22,22,78,78,27,27,96,96,120,74,60,51,67,117,115,113,49,14,17,31,40,13,0.9452313760754824
3803316,94,94,94,94,94,94,94,94,85,85,85,85,85,85,85,85,53,53,53,53,53,53,53,53,120,120,120,120,78,78,78,78,79,79,79,79,58,58,58,58,110,110,110,110,65,65,22,22,96,96,27,27,49,31,74,51,67,117,115,60,14,17,13,40,0.9312498679971075
3805242,94,94,94,94,94,94,94,94,85,85,85,85,85,85,85,85,53,53,53,53,53,53,53,53,22,22,22,22,110,110,110,110,79,79,79,79,40,40,40,40,65,65,120,120,49,49,78,78,96,96,27,27,117,74,51,67,58,115,31,17,14,121,13,60,0.944857216360775
3809382,124,124,124,124,124,124,124,124,124,124,124,124,124,124,124,124,123,123,123,123,123,123,123,123,123,123,123,123,123,123,123,123,85,85,85,85,85,85,85,85,53,53,53,53,94,94,94,94,110,110,110,110,79,79,79,79,27,27,96,96,121,120,122,22,0.7574872017607559
3809442,124,124,124,124,124,124,124,124,124,124,124,124,124,124,124,124,123,123,123,123,123,123,123,123,123,123,123,123,123,123,123,123,126,126,126,126,126,126,126,126,85,85,85,85,85,85,85,85,53,53,53,53,94,94,94,94,110,110,110,110,121,120,122,125,0.7257117776345673
3810764,126,126,126,126,126,126,126,126,123,123,123,123,123,123,123,123,85,85,85,85,85,85,85,85,53,53,53,53,94,94,94,94,110,110,110,110,127,127,127,127,79,79,79,79,27,27,96,96,78,78,74,65,17,60,125,120,122,14,31,49,13,121,58,22,0.9047791791294799
3811966,123,123,123,123,123,123,123,123,125,125,125,125,79,79,79,79,94,94,94,94,110,110,110,110,127,127,127,127,85,85,85,85,53,53,53,53,27,27,27,27,17,17,65,65,96,96,78,78,40,120,14,49,13,122,74,22,51,67,117,115,58,121,60,31,0.9274266251066011
3812628,40,40,40,40,40,40,40,40,85,85,85,85,85,85,85,85,94,94,94,94,127,127,127,127,53,53,53,53,110,110,110,110,79,79,79,79,78,78,22,22,122,122,120,120,96,96,27,27,60,60,65,49,31,125,74,51,67,117,58,115,121,14,17,13,0.9494405394904221
3813244,85,85,85,85,85,85,85,85,22,22,22,22,127,127,127,127,94,94,94,94,53,53,53,53,110,110,110,110,79,79,79,79,14,14,40,40,96,96,27,27,122,122,120,120,78,78,31,31,58,58,65,65,17,67,117,115,74,60,49,121,125,51,128,13,0.9546342870065472
3813304,85,85,85,85,85,85,85,85,78,78,78,78,94,94,94,94,53,53,53,53,110,110,110,110,127,127,127,127,79,79,79,79,31,31,65,65,122,122,22,22,96,96,129,129,60,60,27,27,13,13,49,128,40,67,117,115,74,58,51,120,121,125,14,17,0.95151895805261
3815724,94,94,94,94,94,94,94,94,85,85,85,85,85,85,85,85,53,53,53,53,53,53,53,53,127,127,127,127,110,110,110,110,79,79,79,79,22,22,96,96,78,78,27,27,51,65,31,49,122,60,130,129,128,67,117,115,74,58,120,121,125,14,17,13,0.951632239184434
3817346,94,94,94,94,94,94,94,94,85,85,85,85,85,85,85,85,53,53,53,53,53,53,53,53,110,110,110,110,127,127,127,127,79,79,79,79,22,22,122,122,96,96,78,78,27,27,51,65,31,49,128,130,117,115,74,67,58,121,120,125,60,14,17,13,0.9499444049818548
3818013,53,53,53,53,53,53,53,53,85,85,85,85,85,85,85,85,94,94,94,94,94,94,94,94,131,131,131,131,131,131,131,131,110,110,110,110,127,127,127,127,79,79,79,79,122,122,22,22,27,27,96,96,78,78,121,120,125,130,14,17,65,31,49,13,0.9389108873874379
3818073,53,53,53,53,53,53,53,53,85,85,85,85,85,85,85,85,94,94,94,94,94,94,94,94,131,131,131,131,131,131,131,131,110,110,110,110,127,127,127,127,79,79,79,79,122,122,22,22,27,27,96,96,78,78,121,120,125,130,14,17,65,31,49,13,0.9389108873874379
3818147,135,135,135,135,135,135,135,135,85,85,85,85,85,85,85,85,131,131,131,131,131,131,131,131,134,134,134,134,53,53,53,53,94,94,94,94,110,110,110,110,127,127,127,127,79,79,79,79,122,122,22,22,27,27,96,96,78,78,121,120,125,130,14,17,0.9311797011475362
3818255,85,85,85,85,85,85,85,85,131,131,131,131,131,131,131,131,134,134,134,134,135,135,135,135,53,53,53,53,94,94,94,94,110,110,110,110,127,127,127,127,79,79,79,79,136,136,136,136,22,22,27,27,96,96,78,78,121,120,122,125,14,17,65,31,0.9484748480696618
3818315,137,137,137,137,137,137,137,137,85,85,85,85,85,85,85,85,131,131,131,131,131,131,131,131,134,134,134,134,135,135,135,135,53,53,53,53,94,94,94,94,110,110,110,110,127,127,127,127,79,79,79,79,136,136,136,136,22,22,27,27,121,120,122,125,0.9119370636812822
3819277,137,137,137,137,137,137,137,137,135,135,135,135,135,135,135,135,85,85,85,85,85,85,85,85,131,131,131,131,131,131,131,131,134,134,134,134,53,53,53,53,94,94,94,94,110,110,110,110,127,127,127,127,79,79,79,79,22,22,136,136,120,122,125,130,0.896329750961736
3820839,135,135,135,135,135,135,135,135,85,85,85,85,85,85,85,85,131,131,131,131,131,131,131,131,134,134,134,134,53,53,53,53,94,94,94,94,110,110,110,110,127,127,127,127,79,79,79,79,136,136,136,136,22,22,27,27,96,96,78,78,120,122,125,130,0.9281051750879244
3821474,85,85,85,85,85,85,85,85,131,131,131,131,131,131,131,131,53,53,53,53,94,94,94,94,110,110,110,110,127,127,127,127,79,79,79,79,136,136,136,136,134,134,135,135,122,122,22,22,27,27,96,96,78,78,120,125,130,14,17,65,31,49,13,60,0.947217972999266
3821596,85,85,85,85,85,85,85,85,131,131,131,131,131,131,131,131,135,135,135,135,53,53,53,53,94,94,94,94,110,110,110,110,127,127,127,127,79,79,79,79,136,136,136,136,122,122,22,22,27,27,96,96,78,78,120,125,130,14,17,65,31,49,13,60,0.9444757763417752
3821725,139,139,139,139,139,139,139,139,139,139,139,139,139,139,139,139,131,131,131,131,131,131,131,131,135,135,135,135,53,53,53,53,85,85,85,85,94,94,94,94,110,110,110,110,127,127,127,127,79,79,79,79,136,136,136,136,27,27,120,122,125,130,22,96,0.8453091992910972
3822106,139,139,139,139,139,139,139,139,139,139,139,139,139,139,139,139,131,131,131,131,131,131,131,131,53,53,53,53,85,85,85,85,94,94,94,94,110,110,110,110,127,127,127,127,79,79,79,79,136,136,136,136,135,135,27,27,96,96,78,78,120,122,125,22,0.8460166528768276
3822228,85,85,85,85,85,85,85,85,131,131,131,131,131,131,131,131,135,135,135,135,53,53,53,53,94,94,94,94,110,110,110,110,127,127,127,127,79,79,79,79,136,136,136,136,22,22,27,27,96,96,78,78,120,122,125,130,14,17,65,31,49,13,60,58,0.9461636105443543
3822650,53,53,53,53,53,53,53,53,85,85,85,85,85,85,85,85,94,94,94,94,94,94,94,94,131,131,131,131,131,131,131,131,110,110,110,110,127,127,127,127,79,79,79,79,136,136,136,136,120,120,122,122,22,22,27,27,96,96,78,78,125,130,14,17,0.9324606929226679
3824184,53,53,53,53,53,53,53,53,85,85,85,85,85,85,85,85,94,94,94,94,94,94,94,94,131,131,131,131,131,131,131,131,110,110,110,110,127,127,127,127,79,79,79,79,136,136,136,136,122,122,22,22,27,27,96,96,78,78,120,125,130,128,141,14,0.934148527125247
3825026,53,53,53,53,53,53,53,53,85,85,85,85,85,85,85,85,94,94,94,94,94,94,94,94,131,131,131,131,131,131,131,131,110,110,110,110,127,127,127,127,79,79,79,79,136,136,136,136,122,122,125,125,22,22,27,27,96,96,78,78,130,128,14,17,0.9324606929226679
3829875,53,53,53,53,53,53,53,53,85,85,85,85,85,85,85,85,94,94,94,94,94,94,94,94,131,131,131,131,131,131,131,131,127,127,127,127,127,127,127,127,110,110,110,110,79,79,79,79,136,136,136,136,22,22,27,27,96,96,78,78,142,122,130,141,0.9297402158851606
3829937,53,53,53,53,53,53,53,53,85,85,85,85,85,85,85,85,94,94,94,94,94,94,94,94,131,131,131,131,131,131,131,131,127,127,127,127,127,127,127,127,110,110,110,110,79,79,79,79,136,136,136,136,122,122,22,22,27,27,96,96,78,78,130,141,0.9280523816825815
3831319,53,53,53,53,53,53,53,53,85,85,85,85,85,85,85,85,94,94,94,94,94,94,94,94,131,131,131,131,131,131,131,131,110,110,110,110,127,127,127,127,79,79,79,79,136,136,136,136,22,22,27,27,96,96,78,78,125,130,128,141,14,17,65,31,0.9358363613278261
3832797,53,53,53,53,53,53,53,53,85,85,85,85,85,85,85,85,94,94,94,94,94,94,94,94,131,131,131,131,131,131,131,131,110,110,110,110,127,127,127,127,79,79,79,79,136,136,136,136,22,22,27,27,96,96,78,78,125,130,128,141,143,14,17,65,0.9358363613278261
3834467,85,85,85,85,85,85,85,85,131,131,131,131,131,131,131,131,53,53,53,53,94,94,94,94,110,110,110,110,127,127,127,127,79,79,79,79,136,136,136,136,144,144,22,22,27,27,96,96,78,78,74,14,65,60,143,17,31,141,125,130,128,49,58,13,0.9496088611493031
3834527,85,85,85,85,85,85,85,85,131,131,131,131,131,131,131,131,53,53,53,53,94,94,94,94,110,110,110,110,127,127,127,127,79,79,79,79,136,136,136,136,145,145,144,144,22,22,27,27,96,96,78,78,125,130,128,141,143,14,17,65,31,49,13,146,0.9445446011637394
3837949,85,85,85,85,85,85,85,85,131,131,131,131,131,131,131,131,53,53,53,53,94,94,94,94,110,110,110,110,127,127,127,127,79,79,79,79,136,136,136,136,27,27,78,78,22,22,96,96,74,14,49,60,65,31,143,128,17,144,125,130,146,58,141,13,0.9481516876451942
3838613.0,85,85,85,85,85,85,85,85,131,131,131,131,131,131,131,131,53,53,53,53,94,94,94,94,110,110,110,110,127,127,127,127,79,79,79,79,136,136,136,136,27,27,78,78,144,144,22,22,96,96,74,14,49,60,65,31,143,128,17,130,146,58,141,13,0.9496088611493031
3839935.0,85,85,85,85,85,85,85,85,131,131,131,131,131,131,131,131,136,136,136,136,110,110,110,110,79,79,79,79,53,53,53,53,94,94,94,94,127,127,127,127,27,27,96,96,78,78,22,22,144,144,115,14,49,60,65,31,74,143,17,128,58,141,146,13,0.9496088611493031
3841497.0,53,53,53,53,53,53,53,53,85,85,85,85,85,85,85,85,94,94,94,94,94,94,94,94,131,131,131,131,131,131,131,131,127,127,127,127,127,127,127,127,110,110,110,110,79,79,79,79,136,136,136,136,128,128,22,22,27,27,96,96,78,78,141,143,0.9292394369433845
3844331,53,53,53,53,53,53,53,53,85,85,85,85,85,85,85,85,94,94,94,94,94,94,94,94,131,131,131,131,131,131,131,131,127,127,127,127,127,127,127,127,110,110,110,110,79,79,79,79,136,136,136,136,22,22,27,27,96,96,78,78,128,141,14,17,0.9297402158851606
3847093,53,53,53,53,53,53,53,53,85,85,85,85,85,85,85,85,94,94,94,94,94,94,94,94,131,131,131,131,131,131,131,131,127,127,127,127,127,127,127,127,110,110,110,110,79,79,79,79,136,136,136,136,22,22,27,27,96,96,78,78,141,143,14,17,0.9297402158851606
3850654,53,53,53,53,53,53,53,53,85,85,85,85,85,85,85,85,94,94,94,94,94,94,94,94,131,131,131,131,131,131,131,131,127,127,127,127,127,127,127,127,110,110,110,110,79,79,79,79,136,136,136,136,22,22,27,27,96,96,78,78,141,143,14,17,0.9297402158851606
3850714,53,53,53,53,53,53,53,53,85,85,85,85,85,85,85,85,94,94,94,94,94,94,94,94,131,131,131,131,131,131,131,131,127,127,127,127,127,127,127,127,110,110,110,110,79,79,79,79,136,136,136,136,22,22,27,27,96,96,78,78,141,143,14,17,0.9297402158851606
3850774,53,53,53,53,53,53,53,53,85,85,85,85,85,85,85,85,94,94,94,94,94,94,94,94,131,131,131,131,131,131,131,131,110,110,110,110,127,127,127,127,79,79,79,79,136,136,136,136,151,151,22,22,27,27,96,96,78,78,141,143,14,17,65,31,0.9307588754480426
3851262,53,53,53,53,53,53,53,53,85,85,85,85,85,85,85,85,94,94,94,94,94,94,94,94,131,131,131,131,131,131,131,131,110,110,110,110,127,127,127,127,79,79,79,79,136,136,136,136,151,151,22,22,27,27,96,96,78,78,141,152,143,14,17,65,0.9307588754480426
3851322,53,53,53,53,53,53,53,53,85,85,85,85,85,85,85,85,94,94,94,94,94,94,94,94,131,131,131,131,131,131,131,131,110,110,110,110,127,127,127,127,79,79,79,79,136,136,136,136,151,151,153,153,154,154,22,22,27,27,96,96,141,152,143,78,0.920876755589841
3853484,53,53,53,53,53,53,53,53,85,85,85,85,85,85,85,85,94,94,94,94,94,94,94,94,131,131,131,131,131,131,131,131,127,127,127,127,127,127,127,127,110,110,110,110,79,79,79,79,136,136,136,136,22,22,27,27,96,96,78,78,153,154,143,14,0.9297402158851606
3854186,85,85,85,85,85,85,85,85,131,131,131,131,131,131,131,131,79,79,79,79,136,136,136,136,94,94,94,94,110,110,110,110,127,127,127,127,53,53,53,53,27,27,96,96,78,78,22,22,152,14,147,49,60,65,141,154,143,17,31,146,58,153,13,155,0.9481516876451942
3854246,85,85,85,85,85,85,85,85,131,131,131,131,131,131,131,131,79,79,79,79,136,136,136,136,94,94,94,94,110,110,110,110,53,53,53,53,127,127,127,127,27,27,96,96,78,78,22,22,152,14,147,49,60,65,141,143,17,31,58,154,153,146,13,155,0.9481516876451942
3854308,131,131,131,131,131,131,131,131,136,136,136,136,110,110,110,110,53,53,53,53,85,85,85,85,94,94,94,94,79,79,79,79,127,127,127,127,78,78,27,27,96,96,40,14,147,49,60,65,117,152,141,154,17,31,153,22,146,51,67,74,115,143,58,13,0.954675586186183
3854370,53,53,53,53,53,53,53,53,85,85,85,85,85,85,85,85,94,94,94,94,94,94,94,94,131,131,131,131,131,131,131,131,110,110,110,110,127,127,127,127,79,79,79,79,136,136,136,136,22,22,27,27,96,96,78,78,141,152,143,14,17,65,31,49,0.9358363613278261
3856292,85,85,85,85,85,85,85,85,94,94,94,94,94,94,94,94,131,131,131,131,131,131,131,131,127,127,127,127,127,127,127,127,110,110,110,110,79,79,79,79,136,136,136,136,22,22,27,27,96,96,78,78,141,152,143,14,17,65,31,49,13,146,147,60,0.9407737334795776
3857794,136,136,136,136,136,136,136,136,131,131,131,131,131,131,131,131,110,110,110,110,94,94,94,94,127,127,127,127,79,79,79,79,65,65,60,60,96,96,22,22,49,49,14,14,78,78,147,147,27,27,17,31,40,117,143,51,141,67,74,115,146,58,152,13,0.9565072712449123
3858680,94,94,94,94,94,94,94,94,131,131,131,131,131,131,131,131,127,127,127,127,127,127,127,127,136,136,136,136,110,110,110,110,78,78,78,78,79,79,79,79,96,96,27,27,22,22,67,147,58,49,60,65,117,17,31,143,14,146,141,158,74,115,152,13,0.947317742713169
3858742,94,94,94,94,94,94,94,94,131,131,131,131,131,131,131,131,127,127,127,127,127,127,127,127,136,136,136,136,110,110,110,110,78,78,78,78,79,79,79,79,96,96,22,22,27,27,51,65,147,58,49,60,17,31,14,143,117,115,158,146,152,13,67,74,0.947317742713169
3859669,94,94,94,94,94,94,94,94,131,131,131,131,131,131,131,131,127,127,127,127,127,127,127,127,136,136,136,136,110,110,110,110,78,78,78,78,79,79,79,79,96,96,22,22,27,27,67,146,65,147,58,49,60,14,17,31,159,143,117,115,74,158,152,13,0.947317742713169
3859729,94,94,94,94,94,94,94,94,131,131,131,131,131,131,131,131,127,127,127,127,127,127,127,127,136,136,136,136,110,110,110,110,78,78,78,78,79,79,79,79,96,96,22,22,27,27,67,146,65,147,58,49,60,14,17,31,159,143,117,115,74,152,158,13,0.947317742713169
3860166,94,94,94,94,94,94,94,94,131,131,131,131,131,131,131,131,127,127,127,127,127,127,127,127,110,110,110,110,79,79,79,79,136,136,136,136,78,78,78,78,96,96,22,22,27,27,117,65,147,58,60,162,49,14,17,31,159,143,74,115,158,152,146,13,0.947317742713169
3860226,94,94,94,94,94,94,94,94,131,131,131,131,131,131,131,131,127,127,127,127,127,127,127,127,110,110,110,110,79,79,79,79,136,136,136,136,96,96,78,78,22,22,143,143,27,27,115,146,147,163,58,60,49,65,162,14,17,31,159,164,74,152,158,13,0.9501194168714154
3860913,94,94,94,94,94,94,94,94,131,131,131,131,131,131,131,131,127,127,127,127,127,127,127,127,165,165,165,165,110,110,110,110,79,79,79,79,136,136,136,136,22,22,27,27,96,96,78,78,164,147,146,163,58,49,60,162,65,14,17,31,143,152,158,13,0.944828450190893
3860973,94,94,94,94,94,94,94,94,131,131,131,131,131,131,131,131,127,127,127,127,127,127,127,127,165,165,165,165,110,110,110,110,79,79,79,79,136,136,136,136,78,78,78,78,22,22,27,27,96,96,152,143,14,17,65,31,49,13,162,146,163,147,60,58,0.9403389418300675
3861033,94,94,94,94,94,94,94,94,131,131,131,131,131,131,131,131,127,127,127,127,127,127,127,127,165,165,165,165,110,110,110,110,79,79,79,79,136,136,136,136,78,78,78,78,22,22,27,27,96,96,152,143,14,17,65,31,49,13,162,146,163,147,60,58,0.9403389418300675
3861093,94,94,94,94,94,94,94,94,131,131,131,131,131,131,131,131,127,127,127,127,127,127,127,127,165,165,165,165,110,110,110,110,79,79,79,79,136,136,136,136,78,78,78,78,22,22,27,27,96,96,152,143,170,14,17,65,31,49,13,162,146,163,147,60,0.9403389418300675
3862199,94,94,94,94,94,94,94,94,131,131,131,131,131,131,131,131,127,127,127,127,127,127,127,127,110,110,110,110,79,79,79,79,136,136,136,136,78,78,78,78,22,22,27,27,96,96,165,152,143,159,169,170,168,14,17,65,31,49,13,162,146,163,147,60,0.947317742713169
3863341,94,94,94,94,94,94,94,94,131,131,131,131,131,131,131,131,127,127,127,127,127,127,127,127,110,110,110,110,79,79,79,79,136,136,136,136,78,78,78,78,22,22,27,27,96,96,152,164,143,159,169,170,168,14,17,65,31,49,13,162,146,163,147,60,0.947317742713169
3865983,94,94,94,94,94,94,94,94,131,131,131,131,131,131,131,131,110,110,110,110,110,110,110,110,127,127,127,127,127,127,127,127,79,79,79,79,136,136,136,136,78,78,78,78,22,22,27,27,96,96,164,143,159,166,170,168,14,17,65,31,49,13,162,146,0.9412215972705037
3868265,131,131,131,131,131,131,131,131,131,131,131,131,131,131,131,131,94,94,94,94,94,94,94,94,110,110,110,110,110,110,110,110,127,127,127,127,127,127,127,127,79,79,79,79,136,136,136,136,96,96,96,96,22,22,27,27,78,78,143,166,169,170,168,14,0.9226378505920255
3868327,131,131,131,131,131,131,131,131,131,131,131,131,131,131,131,131,94,94,94,94,94,94,94,94,110,110,110,110,110,110,110,110,127,127,127,127,127,127,127,127,79,79,79,79,136,136,136,136,96,96,96,96,22,22,27,27,78,78,159,166,169,170,168,14,0.9226378505920255
3871955,131,131,131,131,131,131,131,131,131,131,131,131,131,131,131,131,94,94,94,94,94,94,94,94,110,110,110,110,110,110,110,110,127,127,127,127,127,127,127,127,79,79,79,79,136,136,136,136,96,96,96,96,22,22,27,27,78,78,159,166,169,170,168,14,0.9226378505920255
3872015,94,94,94,94,94,94,94,94,131,131,131,131,131,131,131,131,127,127,127,127,127,127,127,127,176,176,176,176,110,110,110,110,79,79,79,79,136,136,136,136,78,78,78,78,175,175,180,180,22,22,27,27,96,96,179,174,166,170,168,178,14,17,65,31,0.9302761449376976
3872075,94,94,94,94,94,94,94,94,131,131,131,131,131,131,131,131,127,127,127,127,127,127,127,127,176,176,176,176,181,181,181,181,110,110,110,110,79,79,79,79,136,136,136,136,78,78,78,78,175,175,180,180,22,22,27,27,96,96,179,174,166,170,168,178,0.9233762930275734
3872135,94,94,94,94,94,94,94,94,131,131,131,131,131,131,131,131,127,127,127,127,127,127,127,127,176,176,176,176,181,181,181,181,110,110,110,110,79,79,79,79,136,136,136,136,78,78,78,78,175,175,180,180,22,22,27,27,96,96,179,174,166,170,14,17,0.9233762930275734
3873061,94,94,94,94,94,94,94,94,131,131,131,131,131,131,131,131,127,127,127,127,127,127,127,127,110,110,110,110,79,79,79,79,136,136,136,136,78,78,78,78,175,175,180,180,22,22,27,27,96,96,176,181,159,179,174,166,169,170,168,178,185,14,17,65,0.9371759968478218
3873843,94,94,94,94,94,94,94,94,131,131,131,131,131,131,131,131,127,127,127,127,127,127,127,127,110,110,110,110,79,79,79,79,136,136,136,136,78,78,78,78,175,175,180,180,22,22,27,27,96,96,181,173,179,174,166,169,170,168,178,185,14,17,65,31,0.9371759968478218
3874085,94,94,94,94,94,94,94,94,131,131,131,131,131,131,131,131,127,127,127,127,127,127,127,127,110,110,110,110,79,79,79,79,136,136,136,136,78,78,78,78,175,175,180,180,22,22,27,27,96,96,159,179,174,166,169,170,168,178,185,14,17,65,31,49,0.9371759968478218
3874405,131,131,131,131,131,131,131,131,94,94,94,94,110,110,110,110,127,127,127,127,79,79,79,79,136,136,136,136,78,78,78,78,175,175,180,180,22,22,27,27,96,96,173,147,163,162,58,49,60,146,159,179,186,185,14,17,65,168,166,178,158,170,13,31,0.9493682877331527
3874465,131,131,131,131,131,131,131,131,94,94,94,94,110,110,110,110,127,127,127,127,79,79,79,79,136,136,136,136,22,22,27,27,96,96,78,78,175,175,180,180,169,163,147,146,58,60,49,162,31,174,173,159,179,186,185,14,17,65,166,168,178,158,170,13,0.9538577960939782
3874707,94,94,94,94,94,94,94,94,131,131,131,131,131,131,131,131,127,127,127,127,127,127,127,127,110,110,110,110,79,79,79,79,136,136,136,136,78,78,78,78,180,180,22,22,27,27,96,96,159,173,179,174,186,166,169,170,187,168,178,185,14,17,65,31,0.9422534827276053
3875031,131,131,131,131,131,131,131,131,94,94,94,94,110,110,110,110,127,127,127,127,79,79,79,79,136,136,136,136,22,22,27,27,96,96,78,78,180,180,187,147,163,146,58,49,60,162,17,65,31,169,174,159,188,173,14,179,166,168,158,178,186,185,170,13,0.9589352819737618
3875091,94,94,94,94,94,94,94,94,131,131,131,131,131,131,131,131,127,127,127,127,127,127,127,127,110,110,110,110,79,79,79,79,136,136,136,136,78,78,78,78,180,180,186,186,22,22,27,27,96,96,159,188,179,174,166,169,170,168,178,185,14,17,65,31,0.9415504287801474
3875453,94,94,94,94,94,94,94,94,131,131,131,131,131,131,131,131,127,127,127,127,127,127,127,127,110,110,110,110,79,79,79,79,136,136,136,136,78,78,78,78,179,179,186,186,22,22,27,27,96,96,159,188,173,174,166,169,170,168,178,185,14,17,65,31,0.94807186226982
3876295,94,94,94,94,94,94,94,94,131,131,131,131,131,131,131,131,127,127,127,127,127,127,127,127,110,110,110,110,79,79,79,79,136,136,136,136,188,188,179,179,186,186,22,22,27,27,96,96,78,78,173,174,166,169,170,168,178,185,14,17,65,31,49,13,0.947483884750862
3878217,94,94,94,94,94,94,94,94,131,131,131,131,131,131,131,131,127,127,127,127,127,127,127,127,110,110,110,110,79,79,79,79,136,136,136,136,78,78,78,78,179,179,186,186,22,22,27,27,96,96,173,174,166,169,170,168,178,185,14,17,65,31,49,13,0.94807186226982
3880199,94,94,94,94,94,94,94,94,131,131,131,131,131,131,131,131,127,127,127,127,127,127,127,127,110,110,110,110,79,79,79,79,136,136,136,136,78,78,78,78,170,170,22,22,27,27,96,96,179,174,186,166,169,187,168,178,185,14,17,65,31,49,13,162,0.9456299085105899
3880861,94,94,94,94,94,94,94,94,131,131,131,131,131,131,131,131,127,127,127,127,127,127,127,127,110,110,110,110,79,79,79,79,136,136,136,136,78,78,78,78,186,186,170,170,22,22,27,27,96,96,174,166,169,187,168,178,185,14,17,65,31,49,13,162,0.944926854563132
3883623,131,131,131,131,131,131,131,131,110,110,110,110,110,110,110,110,127,127,127,127,127,127,127,127,79,79,79,79,136,136,136,136,78,78,78,78,186,186,170,170,22,22,27,27,96,96,174,166,169,187,168,178,185,14,17,65,31,49,13,162,146,163,147,60,0.949689214825323
3884135,131,131,131,131,131,131,131,131,110,110,110,110,110,110,110,110,127,127,127,127,127,127,127,127,79,79,79,79,136,136,136,136,78,78,78,78,186,186,22,22,27,27,96,96,174,166,169,170,187,168,178,185,14,17,65,31,49,13,162,146,163,147,60,58,0.9513770490279021
3884864,131,131,131,131,131,131,131,131,127,127,127,127,127,127,127,127,110,110,110,110,79,79,79,79,136,136,136,136,78,78,78,78,186,186,191,191,22,22,27,27,96,96,190,163,146,147,58,162,60,49,187,14,17,65,31,170,178,168,158,166,174,169,185,13,0.9523957085907839
3885937,131,131,131,131,131,131,131,131,127,127,127,127,127,127,127,127,110,110,110,110,79,79,79,79,136,136,136,136,78,78,78,78,170,170,22,22,27,27,96,96,190,163,146,192,58,162,60,49,147,187,14,17,65,31,178,168,186,166,158,174,191,169,185,13,0.9564884142154463
3886119,131,131,131,131,131,131,131,131,127,127,127,127,127,127,127,127,110,110,110,110,79,79,79,79,136,136,136,136,22,22,27,27,78,78,170,170,96,96,191,191,115,163,146,192,58,162,60,49,147,190,187,14,17,65,31,178,168,74,186,166,158,169,185,13,0.9559004366964883
3886366,131,131,131,131,131,131,131,131,127,127,127,127,127,127,127,127,79,79,79,79,136,136,136,136,110,110,110,110,22,22,27,27,78,78,96,96,191,191,115,163,146,192,58,162,60,49,147,187,14,17,65,31,190,178,193,168,170,186,166,158,74,169,185,13,0.9575882708990674
3887530,131,131,131,131,131,131,131,131,110,110,110,110,110,110,110,110,127,127,127,127,127,127,127,127,79,79,79,79,136,136,136,136,78,78,78,78,170,170,22,22,27,27,96,96,186,166,187,168,178,185,14,17,65,31,49,13,162,146,163,147,192,60,58,158,0.9503922687727809
3887772,131,131,131,131,131,131,131,131,127,127,127,127,127,127,127,127,79,79,79,79,110,110,110,110,136,136,136,136,96,96,27,27,22,22,170,170,78,78,177,163,192,58,162,60,49,147,187,14,17,65,31,146,168,190,178,191,169,158,115,74,166,193,185,13,0.9609779225762718
3887954,131,131,131,131,131,131,131,131,127,127,127,127,127,127,127,127,79,79,79,79,136,136,136,136,110,110,110,110,96,96,27,27,22,22,78,78,166,166,117,163,192,58,162,60,49,147,187,14,17,65,31,146,177,190,170,168,115,74,169,178,158,193,185,13,0.961962702831393
3888556,131,131,131,131,131,131,131,131,110,110,110,110,110,110,110,110,127,127,127,127,127,127,127,127,79,79,79,79,136,136,136,136,78,78,78,78,22,22,27,27,96,96,193,163,192,58,162,60,49,147,190,168,14,17,65,31,146,170,178,169,158,187,185,13,0.95208010297536
3888918,131,131,131,131,131,131,131,131,110,110,110,110,110,110,110,110,127,127,127,127,127,127,127,127,79,79,79,79,136,136,136,136,78,78,78,78,22,22,27,27,96,96,170,170,193,163,192,58,162,60,49,147,190,168,14,17,65,31,146,185,178,158,187,13,0.9503922687727809
3889644.0,131,131,131,131,131,131,131,131,131,131,131,131,131,131,131,131,110,110,110,110,110,110,110,110,127,127,127,127,127,127,127,127,79,79,79,79,136,136,136,136,96,96,96,96,78,78,78,78,187,187,22,22,27,27,168,178,185,14,17,65,31,49,13,162,0.9304640214401653
3891690.0,131,131,131,131,131,131,131,131,131,131,131,131,131,131,131,131,110,110,110,110,110,110,110,110,127,127,127,127,127,127,127,127,79,79,79,79,136,136,136,136,96,96,96,96,78,78,78,78,22,22,27,27,168,190,178,193,185,14,17,65,31,49,13,162,0.9290068479360564
3894992.0,110,110,110,110,110,110,110,110,127,127,127,127,127,127,127,127,136,136,136,136,136,136,136,136,96,96,96,96,78,78,78,78,79,79,79,79,22,22,27,27,67,163,192,58,74,49,60,162,147,177,14,17,65,146,168,117,115,178,158,190,193,185,13,31,0.9525078560736833
3896494.0,127,127,127,127,127,127,127,127,110,110,110,110,110,110,110,110,96,96,96,96,78,78,78,78,136,136,136,136,79,79,79,79,185,185,22,22,27,27,172,163,192,58,74,60,162,147,49,40,67,14,17,65,146,177,167,117,115,178,190,193,158,13,31,51,0.9569161673137696
3901176.0,127,127,127,127,127,127,127,127,110,110,110,110,110,110,110,110,79,79,79,79,78,78,78,78,136,136,136,136,147,147,192,192,163,163,22,22,27,27,96,96,58,49,60,162,172,67,14,17,65,146,185,51,178,158,194,40,167,177,117,74,115,193,13,31,0.9622313333358392
3901958.0,127,127,127,127,127,127,127,127,110,110,110,110,110,110,110,110,79,79,79,79,96,96,96,96,78,78,78,78,136,136,136,136,147,147,163,163,27,27,22,22,192,58,49,60,162,172,67,14,17,65,146,185,158,194,40,51,167,177,117,74,115,193,13,31,0.9580264319486972
3902260.0,127,127,127,127,127,127,127,127,96,96,96,96,79,79,79,79,110,110,110,110,136,136,136,136,162,162,65,65,192,192,147,147,163,163,49,49,22,22,78,78,27,27,17,17,60,60,58,58,146,67,194,51,167,177,117,74,115,193,158,13,14,172,31,40,0.9665746593829475
3902682.0,127,127,127,127,127,127,127,127,136,136,136,136,136,136,136,136,110,110,110,110,110,110,110,110,96,96,96,96,78,78,78,78,79,79,79,79,22,22,27,27,194,163,58,147,192,60,172,167,49,177,17,65,162,51,40,67,117,146,158,74,14,13,115,31,0.9525078560736833
3914924.0,127,127,127,127,127,127,127,127,136,136,136,136,136,136,136,136,146,146,146,146,96,96,96,96,78,78,78,78,79,79,79,79,60,60,49,49,147,147,58,58,192,192,22,22,27,27,172,177,14,17,65,163,162,194,40,67,117,115,158,167,74,51,13,31,0.9571558997870776
3918346.0,136,136,136,136,136,136,136,136,127,127,127,127,127,127,127,127,49,49,49,49,96,96,96,96,78,78,78,78,79,79,79,79,60,60,146,146,147,147,58,58,158,158,192,192,162,162,27,27,172,177,14,17,65,163,51,194,40,67,117,115,74,167,13,31,0.9569031585783148
3925308.0,136,136,136,136,136,136,136,136,79,79,79,79,79,79,79,79,65,65,65,65,96,96,96,96,78,78,78,78,192,192,192,192,163,163,158,158,146,146,27,27,147,147,51,51,162,162,58,58,13,13,49,172,67,194,40,117,115,14,17,60,167,177,31,74,0.9564944879969819
3943190.0,96,96,96,96,96,96,96,96,136,136,136,136,136,136,136,136,65,65,65,65,78,78,78,78,177,177,177,177,158,158,158,158,31,31,27,27,192,192,162,162,49,49,17,17,60,60,147,147,40,40,58,58,163,146,194,172,51,117,115,14,167,67,74,13,0.9560986006635793
3956152.0,49,49,49,49,49,49,49,49,49,49,49,49,49,49,49,49,163,163,163,163,163,163,163,163,78,78,78,78,96,96,96,96,27,27,27,27,177,177,177,177,115,115,67,67,147,147,65,31,167,146,51,162,172,117,194,158,14,17,13,40,60,192,74,58,0.9402469438863198
3971634.0,17,17,17,17,17,17,17,17,17,17,17,17,17,17,17,17,162,162,162,162,162,162,162,162,78,78,78,78,74,74,177,177,67,67,117,117,96,96,147,147,65,65,115,115,163,163,146,146,13,13,49,49,31,31,194,158,14,60,51,167,58,192,172,40,0.950773101961063
3987056.0,147,147,147,147,147,147,147,147,162,162,162,162,162,162,162,162,177,177,177,177,78,78,78,78,31,31,31,31,192,192,192,192,51,51,51,51,194,194,74,74,158,158,14,14,167,167,163,163,67,67,117,117,65,65,146,146,96,58,60,172,40,115,13,49,0.9512205324140236
3993298.0,78,78,78,78,78,78,78,78,194,194,194,194,194,194,194,194,146,146,146,146,146,146,146,146,147,147,147,147,31,31,31,31,162,162,162,162,158,158,158,158,14,14,172,172,74,74,177,177,117,117,67,67,167,167,65,163,60,58,192,51,49,13,115,40,0.9460267848978984
3999660.0,67,67,67,67,67,67,67,67,67,67,67,67,67,67,67,67,158,158,158,158,158,158,158,158,177,177,177,177,146,146,146,146,192,192,192,192,14,14,147,147,172,172,40,40,167,167,51,51,13,13,162,162,74,74,65,65,49,117,194,31,163,58,60,115,0.9430311816814658
4035362.0,115,115,115,115,115,115,115,115,60,60,60,60,60,60,60,60,58,58,58,58,58,58,58,58,65,65,65,65,192,192,192,192,51,51,51,51,177,177,177,177,13,13,147,147,162,162,146,146,49,49,40,40,172,172,74,74,158,158,194,14,163,167,31,117,0.9456041165272048
4073824.0,158,158,158,158,158,158,158,158,158,158,158,158,158,158,158,158,177,177,177,177,177,177,177,177,194,194,194,194,162,162,162,162,60,60,60,60,117,117,117,117,14,14,115,115,147,147,49,49,58,58,192,192,167,167,146,146,74,74,31,163,13,172,40,51,0.9384823694184444
4085826.0,31,31,31,31,31,31,31,31,31,31,31,31,31,31,31,31,49,49,49,49,49,49,49,49,163,163,163,163,163,163,163,163,162,162,162,162,146,146,146,146,194,194,172,172,51,51,115,115,167,167,40,40,58,58,117,117,147,147,177,74,158,60,13,192,0.9363308852739548
4091828.0,172,172,172,172,172,172,172,172,172,172,172,172,172,172,172,172,147,147,147,147,147,147,147,147,115,115,115,115,117,117,117,117,146,146,146,146,163,163,163,163,51,51,51,51,40,40,40,40,74,74,74,74,162,162,167,167,49,31,194,177,58,13,192,60,0.9253904777168489
4116070.0,167,167,167,167,167,167,167,167,167,167,167,167,167,167,167,167,49,49,49,49,49,49,49,49,49,49,49,49,49,49,49,49,74,74,74,74,74,74,74,74,60,60,60,60,147,147,147,147,177,177,51,51,31,31,117,163,115,40,162,13,146,192,58,194,0.9202147322156147
4118182.0,192,192,192,192,192,192,192,192,192,192,192,192,192,192,192,192,40,40,40,40,40,40,40,40,40,40,40,40,40,40,40,40,115,115,115,115,115,115,115,115,51,51,51,51,162,162,162,162,177,177,167,167,31,31,13,13,60,74,163,146,147,58,194,117,0.920001184216445
4121124.0,163,163,163,163,163,163,163,163,163,163,163,163,163,163,163,163,147,147,147,147,147,147,147,147,40,40,40,40,40,40,40,40,31,31,31,31,13,13,13,13,115,115,115,115,58,58,58,58,146,146,146,146,162,162,51,51,74,74,60,60,117,192,194,167,0.923562965191167
4126586.0,13,13,13,13,13,13,13,13,13,13,13,13,13,13,13,13,162,162,162,162,162,162,162,162,60,60,60,60,60,60,60,60,115,115,115,115,146,146,146,146,147,147,147,147,74,74,74,74,117,117,117,117,163,163,163,163,194,194,192,192,51,167,58,40,0.9191511861495437
4128328.0,40,40,40,40,40,40,40,40,40,40,40,40,40,40,40,40,146,146,146,146,146,146,146,146,74,74,74,74,74,74,74,74,192,192,192,192,115,115,115,115,167,167,167,167,147,147,147,147,60,60,60,60,163,163,163,163,51,51,162,162,58,58,194,117,0.9196048635450769
4130970.0,51,51,51,51,51,51,51,51,51,51,51,51,51,51,51,51,51,51,51,51,51,51,51,51,51,51,51,51,51,51,51,51,74,74,74,74,74,74,74,74,146,146,146,146,60,60,60,60,167,167,167,167,115,115,58,58,163,163,192,192,147,194,40,117,0.8952648399568615
4131692.0,74,74,74,74,74,74,74,74,74,74,74,74,74,74,74,74,74,74,74,74,74,74,74,74,74,74,74,74,74,74,74,74,167,167,167,167,167,167,167,167,167,167,167,167,167,167,167,167,163,163,163,163,192,192,58,58,40,40,60,115,147,194,117,51,0.7967746250616462
4136134.0,192,192,192,192,192,192,192,192,192,192,192,192,192,192,192,192,192,192,192,192,192,192,192,192,192,192,192,192,192,192,192,192,194,194,194,194,194,194,194,194,163,163,163,163,60,60,60,60,167,167,167,167,117,117,117,117,115,115,147,147,40,40,58,51,0.8011541050003833
4137276.0,40,40,40,40,40,40,40,40,40,40,40,40,40,40,40,40,40,40,40,40,40,40,40,40,40,40,40,40,40,40,40,40,60,60,60,60,60,60,60,60,60,60,60,60,60,60,60,60,194,194,194,194,194,194,194,194,167,167,147,163,115,58,117,51,0.8819337181657019
4139018.0,194,194,194,194,194,194,194,194,194,194,194,194,194,194,194,194,194,194,194,194,194,194,194,194,194,194,194,194,194,194,194,194,163,163,163,163,163,163,163,163,163,163,163,163,163,163,163,163,147,147,147,147,117,117,117,117,51,51,115,115,58,58,167,40,0.8818521241219072
4140880.0,40,40,40,40,40,40,40,40,40,40,40,40,40,40,40,40,117,117,117,117,117,117,117,117,117,117,117,117,117,117,117,117,167,167,167,167,167,167,167,167,167,167,167,167,167,167,167,167,147,147,147,147,147,147,147,147,51,51,51,51,115,115,58,194,0.896164386119646
4142202.0,167,167,167,167,167,167,167,167,167,167,167,167,167,167,167,167,167,167,167,167,167,167,167,167,167,167,167,167,167,167,167,167,51,51,51,51,51,51,51,51,51,51,51,51,51,51,51,51,147,147,147,147,147,147,147,147,115,115,115,115,117,117,58,194,0.7873633643459799
4142864.0,194,194,194,194,194,194,194,194,194,194,194,194,194,194,194,194,194,194,194,194,194,194,194,194,194,194,194,194,194,194,194,194,58,58,58,58,58,58,58,58,58,58,58,58,58,58,58,58,115,115,115,115,115,115,115,115,51,51,51,51,167,167,117,117,0.8768666402372249
4143766.0,117,117,117,117,117,117,117,117,117,117,117,117,117,117,117,117,117,117,117,117,117,117,117,117,117,117,117,117,117,117,117,117,167,167,167,167,167,167,167,167,167,167,167,167,167,167,167,167,51,51,51,51,51,51,51,51,58,58,58,58,194,194,194,194,0.7820561570211393
4152228.0,194,194,194,194,194,194,194,194,194,194,194,194,194,194,194,194,194,194,194,194,194,194,194,194,194,194,194,194,194,194,194,194,58,58,58,58,58,58,58,58,58,58,58,58,58,58,58,58,167,167,167,167,167,167,167,167,51,51,51,51,51,51,51,51,0.8712049182375711
4152410.0,194,194,194,194,194,194,194,194,194,194,194,194,194,194,194,194,194,194,194,194,194,194,194,194,194,194,194,194,194,194,194,194,167,167,167,167,167,167,167,167,167,167,167,167,167,167,167,167,51,51,51,51,51,51,51,51,51,51,51,51,51,51,51,51,0.863499787956552
4154582.0,194,194,194,194,194,194,194,194,194,194,194,194,194,194,194,194,194,194,194,194,194,194,194,194,194,194,194,194,194,194,194,194,167,167,167,167,167,167,167,167,167,167,167,167,167,167,167,167,167,167,167,167,167,167,167,167,167,167,167,167,167,167,167,167,0.7538810672188708
4154656.0,194,194,194,194,194,194,194,194,194,194,194,194,194,194,194,194,194,194,194,194,194,194,194,194,194,194,194,194,194,194,194,194,194,194,194,194,194,194,194,194,194,194,194,194,194,194,194,194,194,194,194,194,194,194,194,194,194,194,194,194,194,194,194,194,0.5861242916008124
4159832.0,,,,,,,,,,,,,,,,,,,,,,,,,,,,,,,,,,,,,,,,,,,,,,,,,,,,,,,,,,,,,,,,,0.0
